"condition","AGI","gears_required","n_eligible_gears_tested","n_gears_supported_strict","n_gears_supported_sugg","n_gears_supported_strict_phase4h","n_gears_rain_strict","n_gears_jtk_strict","n_gears_cos_strict","n_gears_rain_sugg","n_gears_jtk_sugg","n_gears_cos_sugg","phase_est","phase_ref_strict","consensus_rhythmic","consensus_rhythmic_phase","consensus_candidate"
"12L12D","AT1G01060",2,2,2,2,2,2,2,1,2,2,1,0.991924683946083,0.991924683946083,TRUE,TRUE,TRUE
"12L12D","AT1G02420",2,2,2,2,2,2,1,1,2,2,1,21.3743924828022,21.3743924828022,TRUE,TRUE,TRUE
"12L12D","AT1G05750",2,2,2,2,0,2,2,1,2,2,1,14.8994668610313,14.8994668610313,TRUE,FALSE,TRUE
"12L12D","AT1G08610",2,2,2,2,0,2,2,1,2,2,1,2.48553893716277,2.48553893716277,TRUE,FALSE,TRUE
"12L12D","AT1G09680",2,2,2,2,2,2,2,1,2,2,1,16.0313016662927,16.0313016662927,TRUE,TRUE,TRUE
"12L12D","AT1G18900",2,2,2,2,2,2,2,1,2,2,1,1.10349650244283,1.10349650244283,TRUE,TRUE,TRUE
"12L12D","AT1G19720",2,2,2,2,2,2,2,1,2,2,1,2.0668063940206,2.0668063940206,TRUE,TRUE,TRUE
"12L12D","AT1G20300",2,2,2,2,0,2,2,1,2,2,1,23.4642746252676,23.4642746252676,TRUE,FALSE,TRUE
"12L12D","AT1G22770",2,2,2,2,2,2,2,1,2,2,1,8.15267144400576,8.15267144400576,TRUE,TRUE,TRUE
"12L12D","AT1G31920",2,2,2,2,2,2,2,1,2,2,1,2.73859814093737,2.73859814093737,TRUE,TRUE,TRUE
"12L12D","AT1G62350",2,2,2,2,0,2,2,1,2,2,1,2.86096439993298,2.86096439993298,TRUE,FALSE,TRUE
"12L12D","AT1G64580",2,2,2,2,2,2,2,1,2,2,1,9.65623930564793,9.65623930564793,TRUE,TRUE,TRUE
"12L12D","AT1G71210",2,2,2,2,2,2,2,1,2,2,1,0.575107561604704,0.575107561604704,TRUE,TRUE,TRUE
"12L12D","AT1G74750",2,2,2,2,2,2,2,1,2,2,1,0.46792721488889,0.46792721488889,TRUE,TRUE,TRUE
"12L12D","AT1G77405",2,2,2,2,2,2,2,0,2,2,0,15,15,TRUE,TRUE,TRUE
"12L12D","AT1G79080",2,2,2,2,0,2,2,1,2,2,1,4.16869400238974,4.16869400238974,TRUE,FALSE,TRUE
"12L12D","AT2G17670",2,2,2,2,0,2,2,1,2,2,1,3.17458375958388,3.17458375958388,TRUE,FALSE,TRUE
"12L12D","AT2G18520",2,2,2,2,0,2,2,1,2,2,1,2.93062036175472,2.93062036175472,TRUE,FALSE,TRUE
"12L12D","AT2G21090",2,2,2,2,0,2,2,1,2,2,1,3.39608555133462,3.39608555133462,TRUE,FALSE,TRUE
"12L12D","AT2G25930",2,2,2,2,2,2,2,1,2,2,1,15.9609295495268,15.9609295495268,TRUE,TRUE,TRUE
"12L12D","AT2G28050",2,2,2,2,0,2,2,1,2,2,1,0.911375885387843,0.911375885387843,TRUE,FALSE,TRUE
"12L12D","AT2G36240",2,2,2,2,2,2,2,1,2,2,1,11.5391214616346,11.5391214616346,TRUE,TRUE,TRUE
"12L12D","AT2G40080",2,2,2,2,2,2,2,1,2,2,1,12.4277845012289,12.4277845012289,TRUE,TRUE,TRUE
"12L12D","AT2G46830",2,2,2,2,2,2,2,1,2,2,1,0.871963869881219,0.871963869881219,TRUE,TRUE,TRUE
"12L12D","AT3G02490",2,2,2,2,0,2,2,1,2,2,1,23.2633395590367,23.2633395590367,TRUE,FALSE,TRUE
"12L12D","AT3G05340",2,2,2,2,0,2,2,1,2,2,1,6.41933039064208,6.41933039064208,TRUE,FALSE,TRUE
"12L12D","AT3G09040",2,2,2,2,2,2,2,1,2,2,1,12.4713217676276,12.4713217676276,TRUE,TRUE,TRUE
"12L12D","AT3G09600",2,2,2,2,2,2,2,1,2,2,1,0.737449397050472,0.737449397050472,TRUE,TRUE,TRUE
"12L12D","AT3G13770",2,2,2,2,0,2,2,1,2,2,1,14.3258901877247,14.3258901877247,TRUE,FALSE,TRUE
"12L12D","AT3G14580",2,2,2,2,0,2,2,1,2,2,1,14.0263961451521,14.0263961451521,TRUE,FALSE,TRUE
"12L12D","AT3G16010",2,2,2,2,2,2,2,1,2,2,1,4.46370196752042,4.46370196752042,TRUE,TRUE,TRUE
"12L12D","AT3G21470",2,2,2,2,0,2,2,1,2,2,1,14.3583137349927,14.3583137349927,TRUE,FALSE,TRUE
"12L12D","AT3G22670",2,2,2,2,0,2,2,1,2,2,1,13.6747877721657,13.6747877721657,TRUE,FALSE,TRUE
"12L12D","AT3G46640",2,2,2,2,2,2,1,1,2,2,1,12.6293399329647,12.6293399329647,TRUE,TRUE,TRUE
"12L12D","AT3G54500",2,2,2,2,2,2,2,1,2,2,1,1.23906665321852,1.23906665321852,TRUE,TRUE,TRUE
"12L12D","AT3G57430",2,2,2,2,2,2,2,1,2,2,1,10.7041701566466,10.7041701566466,TRUE,TRUE,TRUE
"12L12D","AT4G14820",2,2,2,2,2,2,2,1,2,2,1,15.6306142651914,15.6306142651914,TRUE,TRUE,TRUE
"12L12D","AT4G16390",2,2,2,2,0,2,2,1,2,2,1,3.88976923786215,3.88976923786215,TRUE,FALSE,TRUE
"12L12D","AT4G18520",2,2,2,2,2,2,2,1,2,2,1,10.8737924491478,10.8737924491478,TRUE,TRUE,TRUE
"12L12D","AT4G18840",2,2,2,2,2,2,2,1,2,2,1,15.0132484877463,15.0132484877463,TRUE,TRUE,TRUE
"12L12D","AT4G20740",2,2,2,2,0,2,2,1,2,2,1,13.9660612002665,13.9660612002665,TRUE,FALSE,TRUE
"12L12D","AT4G36680",2,2,2,2,0,2,2,1,2,2,1,15.0185925018723,15.0185925018723,TRUE,FALSE,TRUE
"12L12D","AT4G38150",2,2,2,2,2,2,2,1,2,2,1,1.37861819980642,1.37861819980642,TRUE,TRUE,TRUE
"12L12D","AT5G02810",2,2,2,2,2,2,2,1,2,2,1,6.96398814728441,6.96398814728441,TRUE,TRUE,TRUE
"12L12D","AT5G02860",2,2,2,2,2,2,2,1,2,2,1,12.1775698776238,12.1775698776238,TRUE,TRUE,TRUE
"12L12D","AT5G03560",2,2,2,2,2,2,2,1,2,2,1,0.284709864389367,0.284709864389367,TRUE,TRUE,TRUE
"12L12D","AT5G13770",2,2,2,2,2,2,2,1,2,2,1,1.25999710372147,1.25999710372147,TRUE,TRUE,TRUE
"12L12D","AT5G14080",2,2,2,2,2,2,2,1,2,2,1,0.411869710430252,0.411869710430252,TRUE,TRUE,TRUE
"12L12D","AT5G16420",2,2,2,2,2,2,2,1,2,2,1,15.0114921379911,15.0114921379911,TRUE,TRUE,TRUE
"12L12D","AT5G39980",2,2,2,2,2,2,2,1,2,2,1,12.2996644071051,12.2996644071051,TRUE,TRUE,TRUE
"12L12D","AT5G50280",2,2,2,2,2,2,2,1,2,2,1,10.6023920743257,10.6023920743257,TRUE,TRUE,TRUE
"12L12D","AT5G57250",2,2,2,2,2,2,2,1,2,2,1,7.67524487953647,7.67524487953647,TRUE,TRUE,TRUE
"12L12D","AT5G61370",2,2,2,2,2,2,2,1,2,2,1,14.5007856473191,14.5007856473191,TRUE,TRUE,TRUE
"12L12D","AT1G13410",2,2,1,2,1,2,1,1,2,2,1,10.8198851926919,10.8198851926919,FALSE,FALSE,TRUE
"12L12D","AT1G25360",2,2,1,2,1,2,1,1,2,2,1,9.76775686124684,9.76775686124684,FALSE,FALSE,TRUE
"12L12D","AT1G26900",2,2,1,2,1,1,2,1,2,2,1,9.02566348740442,9.02566348740442,FALSE,FALSE,TRUE
"12L12D","AT1G60770",2,2,1,2,1,1,1,1,2,2,1,8.88303161930389,8.88303161930389,FALSE,FALSE,TRUE
"12L12D","AT1G74850",2,2,1,2,1,2,1,1,2,2,1,8.31090522408731,8.31090522408731,FALSE,FALSE,TRUE
"12L12D","AT1G80550",2,2,1,2,1,2,1,1,2,2,1,23.7926172315336,23.7926172315336,FALSE,FALSE,TRUE
"12L12D","AT2G15820",2,2,1,2,1,1,2,1,2,2,1,8.86284969366704,8.86284969366704,FALSE,FALSE,TRUE
"12L12D","AT2G16650",2,2,0,2,0,1,0,1,2,2,1,23.970854268089,NA,FALSE,FALSE,TRUE
"12L12D","AT2G31400",2,2,1,2,1,2,1,1,2,2,1,9.39717230350012,9.39717230350012,FALSE,FALSE,TRUE
"12L12D","AT2G36730",2,2,1,2,1,2,1,1,2,2,1,10.6979941481897,10.6979941481897,FALSE,FALSE,TRUE
"12L12D","AT2G41080",2,2,1,2,1,2,1,1,2,2,1,13.2330500912896,13.2330500912896,FALSE,FALSE,TRUE
"12L12D","AT2G44880",2,2,1,2,1,2,1,1,2,2,1,11.0883532044594,11.0883532044594,FALSE,FALSE,TRUE
"12L12D","AT3G03580",2,2,1,2,1,1,1,1,2,2,1,11.0975840252341,11.0975840252341,FALSE,FALSE,TRUE
"12L12D","AT3G04760",2,2,1,2,1,2,1,0,2,2,0,21,21,FALSE,FALSE,TRUE
"12L12D","AT3G23330",2,2,1,2,1,2,1,1,2,2,1,10.4614304386015,10.4614304386015,FALSE,FALSE,TRUE
"12L12D","AT3G49240",2,2,1,2,1,2,1,1,2,2,1,8.33401355847136,8.33401355847136,FALSE,FALSE,TRUE
"12L12D","AT3G59040",2,2,1,2,1,1,0,1,2,2,1,9.21375041930102,9.21375041930102,FALSE,FALSE,TRUE
"12L12D","AT3G61360",2,2,1,2,1,1,2,1,2,2,1,8.69506852150402,8.69506852150402,FALSE,FALSE,TRUE
"12L12D","AT4G14170",2,2,1,2,1,2,1,1,2,2,1,10.0939431534899,10.0939431534899,FALSE,FALSE,TRUE
"12L12D","AT4G31850",2,2,1,2,1,2,1,1,2,2,1,8.72141552909619,8.72141552909619,FALSE,FALSE,TRUE
"12L12D","AT4G33170",2,2,1,2,1,2,1,1,2,2,1,9.34357739713449,9.34357739713449,FALSE,FALSE,TRUE
"12L12D","AT5G09450",2,2,1,2,1,2,1,1,2,2,1,3.11733564827223,3.11733564827223,FALSE,FALSE,TRUE
"12L12D","AT5G10690",2,2,0,2,0,2,0,0,2,1,1,8.39161157957599,NA,FALSE,FALSE,TRUE
"12L12D","AT5G19020",2,2,1,2,1,2,1,1,2,2,1,11.3951434740077,11.3951434740077,FALSE,FALSE,TRUE
"12L12D","AT5G42450",2,2,1,2,1,1,2,1,2,2,1,8.59814530124192,8.59814530124192,FALSE,FALSE,TRUE
"12L12D","AT5G60960",2,2,1,2,1,1,2,1,2,2,1,3.8111856478958,3.8111856478958,FALSE,FALSE,TRUE
"12L12D","AT5G61380",2,2,1,2,1,2,1,1,2,2,1,11.975570167454,11.975570167454,FALSE,FALSE,TRUE
"12L12D","AT5G65560",2,2,1,2,1,1,1,0,2,2,1,7,7,FALSE,FALSE,TRUE
"12L12D","AT1G01970",2,2,1,1,1,1,1,1,1,1,1,7.75020054916321,7.75020054916321,FALSE,FALSE,FALSE
"12L12D","AT1G02060",2,2,1,1,1,1,1,1,1,2,1,23.4763730285897,23.4763730285897,FALSE,FALSE,FALSE
"12L12D","AT1G02150",2,2,1,1,1,1,1,1,1,1,1,8.25726892671811,8.25726892671811,FALSE,FALSE,FALSE
"12L12D","AT1G02370",2,2,1,1,1,1,1,1,2,1,1,9.05117265162838,9.05117265162838,FALSE,FALSE,FALSE
"12L12D","AT1G03100",2,2,1,1,1,2,1,1,2,1,1,11.117227543991,11.117227543991,FALSE,FALSE,FALSE
"12L12D","AT1G03510",2,2,1,1,1,1,1,1,1,1,1,12.9998562945686,12.9998562945686,FALSE,FALSE,FALSE
"12L12D","AT1G03540",2,2,0,0,0,0,0,0,1,0,0,NA,NA,FALSE,FALSE,FALSE
"12L12D","AT1G03560",2,2,0,0,0,0,0,0,0,1,0,NA,NA,FALSE,FALSE,FALSE
"12L12D","AT1G04840",2,2,1,1,1,1,1,1,1,1,1,8.86726862057184,8.86726862057184,FALSE,FALSE,FALSE
"12L12D","AT1G05600",2,2,1,1,1,1,1,1,1,1,1,23.2506871677129,23.2506871677129,FALSE,FALSE,FALSE
"12L12D","AT1G05670",2,2,1,1,1,1,1,1,1,2,1,5.44536827716725,5.44536827716725,FALSE,FALSE,FALSE
"12L12D","AT1G06140",2,2,1,1,1,1,1,1,1,1,1,9.9589370963364,9.9589370963364,FALSE,FALSE,FALSE
"12L12D","AT1G06150",2,2,1,1,1,1,1,0,1,1,1,8,8,FALSE,FALSE,FALSE
"12L12D","AT1G06270",2,2,1,1,1,1,1,1,1,1,1,10.0362055178247,10.0362055178247,FALSE,FALSE,FALSE
"12L12D","AT1G06580",2,2,1,1,1,1,1,0,1,1,0,22,22,FALSE,FALSE,FALSE
"12L12D","AT1G06710",2,2,1,1,1,1,1,1,1,1,1,9.07482638784827,9.07482638784827,FALSE,FALSE,FALSE
"12L12D","AT1G07590",2,2,1,1,1,1,1,0,1,1,1,23,23,FALSE,FALSE,FALSE
"12L12D","AT1G07740",2,2,1,1,1,2,1,1,2,1,1,12.9541073850744,12.9541073850744,FALSE,FALSE,FALSE
"12L12D","AT1G08070",2,2,1,1,1,2,1,1,2,1,1,12.4324417061472,12.4324417061472,FALSE,FALSE,FALSE
"12L12D","AT1G09190",2,2,1,1,1,1,1,1,1,2,1,8.96300786888098,8.96300786888098,FALSE,FALSE,FALSE
"12L12D","AT1G09220",2,2,1,1,1,1,1,1,1,1,1,10.6686917597644,10.6686917597644,FALSE,FALSE,FALSE
"12L12D","AT1G09410",2,2,1,1,1,1,1,1,1,1,1,9.79891969082734,9.79891969082734,FALSE,FALSE,FALSE
"12L12D","AT1G09820",2,2,1,1,1,1,1,0,1,1,1,3,3,FALSE,FALSE,FALSE
"12L12D","AT1G09900",2,2,1,1,1,1,1,1,1,1,1,8.323704727298,8.323704727298,FALSE,FALSE,FALSE
"12L12D","AT1G10270",2,2,1,1,1,2,1,1,2,1,1,3.67081521487153,3.67081521487153,FALSE,FALSE,FALSE
"12L12D","AT1G10330",2,2,1,1,1,1,1,1,1,1,1,2.01484717222324,2.01484717222324,FALSE,FALSE,FALSE
"12L12D","AT1G10910",2,2,1,1,1,1,0,1,1,2,1,1.42520499771613,1.42520499771613,FALSE,FALSE,FALSE
"12L12D","AT1G11290",2,2,1,1,1,1,1,1,1,1,1,10.3473697945849,10.3473697945849,FALSE,FALSE,FALSE
"12L12D","AT1G11630",2,2,1,1,1,1,1,1,1,1,1,2.0413716183511,2.0413716183511,FALSE,FALSE,FALSE
"12L12D","AT1G11710",2,2,1,1,1,1,1,1,1,1,1,0.345083676921901,0.345083676921901,FALSE,FALSE,FALSE
"12L12D","AT1G11900",2,2,0,0,0,0,0,0,0,0,0,NA,NA,FALSE,FALSE,FALSE
"12L12D","AT1G12300",2,2,1,1,1,1,1,1,1,1,1,1.41047734069379,1.41047734069379,FALSE,FALSE,FALSE
"12L12D","AT1G12620",2,2,0,0,0,0,0,0,0,0,0,NA,NA,FALSE,FALSE,FALSE
"12L12D","AT1G12700",2,2,1,1,1,1,1,1,2,1,1,9.07690139005221,9.07690139005221,FALSE,FALSE,FALSE
"12L12D","AT1G12775",2,2,0,0,0,0,0,0,0,0,0,NA,NA,FALSE,FALSE,FALSE
"12L12D","AT1G13040",2,2,1,1,1,1,1,1,1,1,1,9.6550594769533,9.6550594769533,FALSE,FALSE,FALSE
"12L12D","AT1G13630",2,2,1,1,1,1,1,1,1,1,1,9.06999561398111,9.06999561398111,FALSE,FALSE,FALSE
"12L12D","AT1G13800",2,2,1,1,1,1,1,1,1,1,1,8.82415520960128,8.82415520960128,FALSE,FALSE,FALSE
"12L12D","AT1G14470",2,2,1,1,1,1,1,1,1,1,1,12.1007247632934,12.1007247632934,FALSE,FALSE,FALSE
"12L12D","AT1G15480",2,2,1,1,1,1,1,1,1,1,1,9.06949264049741,9.06949264049741,FALSE,FALSE,FALSE
"12L12D","AT1G15510",2,2,1,1,1,1,1,1,1,1,1,8.88119012287706,8.88119012287706,FALSE,FALSE,FALSE
"12L12D","AT1G16480",2,2,1,1,1,1,1,1,2,1,1,11.1727016919347,11.1727016919347,FALSE,FALSE,FALSE
"12L12D","AT1G16830",2,2,1,1,1,2,1,1,2,1,1,6.22155506742196,6.22155506742196,FALSE,FALSE,FALSE
"12L12D","AT1G17630",2,2,1,1,1,1,1,1,1,1,1,10.812300898818,10.812300898818,FALSE,FALSE,FALSE
"12L12D","AT1G18485",2,2,1,1,1,1,1,1,1,1,1,10.3515997719616,10.3515997719616,FALSE,FALSE,FALSE
"12L12D","AT1G19290",2,2,1,1,1,1,1,1,1,1,1,2.24090084044513,2.24090084044513,FALSE,FALSE,FALSE
"12L12D","AT1G19520",2,2,1,1,1,1,1,1,1,1,1,8.29513677095335,8.29513677095335,FALSE,FALSE,FALSE
"12L12D","AT1G20230",2,2,1,1,1,1,1,1,1,1,1,9.76971659014957,9.76971659014957,FALSE,FALSE,FALSE
"12L12D","AT1G22830",2,2,0,0,0,0,0,0,1,0,0,NA,NA,FALSE,FALSE,FALSE
"12L12D","AT1G22960",2,2,1,1,1,1,1,1,1,1,1,8.08915471834073,8.08915471834073,FALSE,FALSE,FALSE
"12L12D","AT1G26460",2,2,1,1,1,1,1,1,1,1,1,8.87051103154445,8.87051103154445,FALSE,FALSE,FALSE
"12L12D","AT1G26500",2,2,1,1,1,1,1,0,1,1,0,8,8,FALSE,FALSE,FALSE
"12L12D","AT1G28020",2,2,0,0,0,0,0,0,0,0,0,NA,NA,FALSE,FALSE,FALSE
"12L12D","AT1G28690",2,2,1,1,1,1,1,1,1,1,1,11.2930179147125,11.2930179147125,FALSE,FALSE,FALSE
"12L12D","AT1G29710",2,2,0,0,0,0,0,0,1,0,0,NA,NA,FALSE,FALSE,FALSE
"12L12D","AT1G30290",2,2,1,1,1,1,0,1,1,1,1,13.5960897400941,13.5960897400941,FALSE,FALSE,FALSE
"12L12D","AT1G30610",2,2,1,1,1,1,1,1,1,1,1,5.68702378420087,5.68702378420087,FALSE,FALSE,FALSE
"12L12D","AT1G31430",2,2,1,1,1,1,1,1,1,1,1,11.7303100976787,11.7303100976787,FALSE,FALSE,FALSE
"12L12D","AT1G31790",2,2,1,1,1,1,1,1,2,1,1,10.0013166350108,10.0013166350108,FALSE,FALSE,FALSE
"12L12D","AT1G31840",2,2,1,1,1,1,1,1,1,1,1,9.0940318185032,9.0940318185032,FALSE,FALSE,FALSE
"12L12D","AT1G32415",2,2,1,1,1,1,1,1,1,1,1,10.3477014376258,10.3477014376258,FALSE,FALSE,FALSE
"12L12D","AT1G33350",2,2,0,0,0,1,1,0,1,1,0,NA,NA,FALSE,FALSE,FALSE
"12L12D","AT1G34160",2,2,1,1,1,1,1,1,1,1,1,11.2582709446848,11.2582709446848,FALSE,FALSE,FALSE
"12L12D","AT1G43010",2,2,0,0,0,0,0,0,0,0,0,NA,NA,FALSE,FALSE,FALSE
"12L12D","AT1G43980",2,2,1,1,1,1,1,1,1,1,1,9.42038704367637,9.42038704367637,FALSE,FALSE,FALSE
"12L12D","AT1G47580",2,2,1,1,1,1,1,1,1,1,1,5.99534242205184,5.99534242205184,FALSE,FALSE,FALSE
"12L12D","AT1G50270",2,2,1,1,1,1,0,1,1,0,1,12.0582157273136,12.0582157273136,FALSE,FALSE,FALSE
"12L12D","AT1G51965",2,2,1,1,1,1,1,1,1,1,1,21.9915000537989,21.9915000537989,FALSE,FALSE,FALSE
"12L12D","AT1G52620",2,2,1,1,1,1,1,1,1,1,1,9.98244396353839,9.98244396353839,FALSE,FALSE,FALSE
"12L12D","AT1G52640",2,2,1,1,1,1,1,1,1,1,1,8.49557041749333,8.49557041749333,FALSE,FALSE,FALSE
"12L12D","AT1G53330",2,2,1,1,1,1,1,0,1,1,0,15,15,FALSE,FALSE,FALSE
"12L12D","AT1G53600",2,2,1,1,1,1,1,1,1,1,1,10.2366138726763,10.2366138726763,FALSE,FALSE,FALSE
"12L12D","AT1G55630",2,2,0,1,0,0,1,0,1,1,0,3,NA,FALSE,FALSE,FALSE
"12L12D","AT1G55890",2,2,1,1,1,1,1,1,1,1,1,5.63023426691702,5.63023426691702,FALSE,FALSE,FALSE
"12L12D","AT1G56570",2,2,1,1,1,1,1,1,1,1,1,9.19493434410325,9.19493434410325,FALSE,FALSE,FALSE
"12L12D","AT1G56690",2,2,1,1,1,2,1,1,2,1,1,8.69103701431103,8.69103701431103,FALSE,FALSE,FALSE
"12L12D","AT1G59720",2,2,0,1,0,1,0,0,1,1,0,14,NA,FALSE,FALSE,FALSE
"12L12D","AT1G61870",2,2,1,1,1,1,1,1,1,1,1,3.72216235253787,3.72216235253787,FALSE,FALSE,FALSE
"12L12D","AT1G62260",2,2,1,1,1,1,1,1,1,1,1,11.6331093509222,11.6331093509222,FALSE,FALSE,FALSE
"12L12D","AT1G62590",2,2,1,1,1,1,1,1,1,1,1,8.18093914670013,8.18093914670013,FALSE,FALSE,FALSE
"12L12D","AT1G62670",2,2,0,0,0,0,0,0,0,0,0,NA,NA,FALSE,FALSE,FALSE
"12L12D","AT1G62680",2,2,0,0,0,1,0,0,1,0,0,NA,NA,FALSE,FALSE,FALSE
"12L12D","AT1G62720",2,2,1,1,1,2,1,1,2,1,1,2.75396224518386,2.75396224518386,FALSE,FALSE,FALSE
"12L12D","AT1G62910",2,2,1,1,1,1,1,1,1,1,1,8.92624654630131,8.92624654630131,FALSE,FALSE,FALSE
"12L12D","AT1G62930",2,2,0,0,0,0,0,0,1,0,0,NA,NA,FALSE,FALSE,FALSE
"12L12D","AT1G63070",2,2,0,0,0,0,0,0,0,0,0,NA,NA,FALSE,FALSE,FALSE
"12L12D","AT1G63080",2,2,0,0,0,0,0,0,0,0,0,NA,NA,FALSE,FALSE,FALSE
"12L12D","AT1G63130",2,2,1,1,1,1,1,1,1,1,1,8.13749532641194,8.13749532641194,FALSE,FALSE,FALSE
"12L12D","AT1G63150",2,2,1,1,1,1,1,1,1,1,1,11.58800524025,11.58800524025,FALSE,FALSE,FALSE
"12L12D","AT1G63320",2,2,0,0,0,0,0,0,0,0,0,NA,NA,FALSE,FALSE,FALSE
"12L12D","AT1G63330",2,2,0,0,0,0,0,0,0,0,0,NA,NA,FALSE,FALSE,FALSE
"12L12D","AT1G63400",2,2,0,0,0,0,0,0,0,0,0,NA,NA,FALSE,FALSE,FALSE
"12L12D","AT1G64100",2,2,0,0,0,0,0,0,0,0,0,NA,NA,FALSE,FALSE,FALSE
"12L12D","AT1G64310",2,2,0,1,0,1,0,0,1,0,1,9.24206504208873,NA,FALSE,FALSE,FALSE
"12L12D","AT1G64430",2,2,1,1,1,1,0,1,1,0,1,2.04026561496157,2.04026561496157,FALSE,FALSE,FALSE
"12L12D","AT1G66345",2,2,0,1,0,1,0,0,1,1,0,9,NA,FALSE,FALSE,FALSE
"12L12D","AT1G68930",2,2,1,1,1,1,1,1,1,1,1,9.83327868215621,9.83327868215621,FALSE,FALSE,FALSE
"12L12D","AT1G68980",2,2,1,1,1,1,1,1,1,1,1,10.7837509398352,10.7837509398352,FALSE,FALSE,FALSE
"12L12D","AT1G69290",2,2,1,1,1,1,0,1,1,1,1,0.56713599321297,0.56713599321297,FALSE,FALSE,FALSE
"12L12D","AT1G69350",2,2,1,1,1,1,1,1,1,1,1,9.09506342306621,9.09506342306621,FALSE,FALSE,FALSE
"12L12D","AT1G71060",2,2,1,1,1,1,1,1,1,1,1,11.4575371624337,11.4575371624337,FALSE,FALSE,FALSE
"12L12D","AT1G71420",2,2,1,1,1,1,1,0,1,1,0,10,10,FALSE,FALSE,FALSE
"12L12D","AT1G71460",2,2,1,1,1,2,1,1,2,1,1,10.624185889152,10.624185889152,FALSE,FALSE,FALSE
"12L12D","AT1G71490",2,2,1,1,1,1,1,1,1,1,1,9.65596344550478,9.65596344550478,FALSE,FALSE,FALSE
"12L12D","AT1G73400",2,2,1,1,1,1,1,1,1,1,1,18.9601413332994,18.9601413332994,FALSE,FALSE,FALSE
"12L12D","AT1G73710",2,2,1,1,1,1,1,1,1,1,1,3.21414643632361,3.21414643632361,FALSE,FALSE,FALSE
"12L12D","AT1G74400",2,2,1,1,1,1,1,1,1,1,1,9.06800149598376,9.06800149598376,FALSE,FALSE,FALSE
"12L12D","AT1G74580",2,2,0,0,0,0,1,1,0,1,1,NA,NA,FALSE,FALSE,FALSE
"12L12D","AT1G74600",2,2,1,1,1,1,1,1,1,1,1,8.86547209890068,8.86547209890068,FALSE,FALSE,FALSE
"12L12D","AT1G74630",2,2,1,1,1,1,1,1,1,1,1,8.55539550211548,8.55539550211548,FALSE,FALSE,FALSE
"12L12D","AT1G74900",2,2,0,0,0,0,0,0,0,0,0,NA,NA,FALSE,FALSE,FALSE
"12L12D","AT1G76280",2,2,1,1,1,1,1,1,1,1,1,6.92379236608451,6.92379236608451,FALSE,FALSE,FALSE
"12L12D","AT1G77010",2,2,1,1,1,1,1,1,1,1,1,11.4802872082175,11.4802872082175,FALSE,FALSE,FALSE
"12L12D","AT1G77170",2,2,1,1,1,1,1,1,1,2,1,9.72487580258319,9.72487580258319,FALSE,FALSE,FALSE
"12L12D","AT1G77340",2,2,0,0,0,0,0,0,0,0,0,NA,NA,FALSE,FALSE,FALSE
"12L12D","AT1G77360",2,2,1,1,1,2,1,0,2,1,1,14,14,FALSE,FALSE,FALSE
"12L12D","AT1G79490",2,2,0,0,0,0,0,0,1,0,0,NA,NA,FALSE,FALSE,FALSE
"12L12D","AT1G79540",2,2,1,1,1,1,1,1,1,1,1,5.21734744910273,5.21734744910273,FALSE,FALSE,FALSE
"12L12D","AT1G80150",2,2,0,0,0,0,0,0,0,0,0,NA,NA,FALSE,FALSE,FALSE
"12L12D","AT1G80270",2,2,1,1,1,2,1,1,2,1,1,3.51625256156028,3.51625256156028,FALSE,FALSE,FALSE
"12L12D","AT1G80880",2,2,1,1,1,2,1,0,2,1,1,10,10,FALSE,FALSE,FALSE
"12L12D","AT2G01360",2,2,0,0,0,0,0,0,0,0,0,NA,NA,FALSE,FALSE,FALSE
"12L12D","AT2G01390",2,2,1,1,1,1,1,1,2,1,1,11.2977482737114,11.2977482737114,FALSE,FALSE,FALSE
"12L12D","AT2G01510",2,2,1,1,1,1,1,1,1,1,1,9.58408328479804,9.58408328479804,FALSE,FALSE,FALSE
"12L12D","AT2G01740",2,2,1,1,1,1,1,1,1,1,1,1.7861550349201,1.7861550349201,FALSE,FALSE,FALSE
"12L12D","AT2G01860",2,2,0,0,0,0,0,1,1,0,1,NA,NA,FALSE,FALSE,FALSE
"12L12D","AT2G02150",2,2,1,1,1,1,1,1,1,1,1,5.46836961064324,5.46836961064324,FALSE,FALSE,FALSE
"12L12D","AT2G02750",2,2,1,1,1,1,1,1,1,1,1,9.84440578639538,9.84440578639538,FALSE,FALSE,FALSE
"12L12D","AT2G02980",2,2,1,1,1,1,1,1,1,1,1,8.77892731167876,8.77892731167876,FALSE,FALSE,FALSE
"12L12D","AT2G03380",2,2,1,1,1,2,1,1,2,1,1,12.6121926549273,12.6121926549273,FALSE,FALSE,FALSE
"12L12D","AT2G03880",2,2,1,1,1,1,1,1,1,1,1,8.7204156214663,8.7204156214663,FALSE,FALSE,FALSE
"12L12D","AT2G04860",2,2,1,1,1,1,1,1,1,1,1,11.3566318915546,11.3566318915546,FALSE,FALSE,FALSE
"12L12D","AT2G06000",2,2,1,1,1,1,1,1,1,1,1,0.955967051466142,0.955967051466142,FALSE,FALSE,FALSE
"12L12D","AT2G13420",2,2,1,1,1,1,1,1,1,1,1,9.05467909759518,9.05467909759518,FALSE,FALSE,FALSE
"12L12D","AT2G13600",2,2,1,1,1,1,1,1,1,1,1,9.29823701854459,9.29823701854459,FALSE,FALSE,FALSE
"12L12D","AT2G15630",2,2,1,1,1,1,1,0,1,1,0,7,7,FALSE,FALSE,FALSE
"12L12D","AT2G15690",2,2,1,1,1,1,1,1,1,1,1,8.04234616261513,8.04234616261513,FALSE,FALSE,FALSE
"12L12D","AT2G15980",2,2,1,1,1,1,1,1,1,1,1,0.165487777993107,0.165487777993107,FALSE,FALSE,FALSE
"12L12D","AT2G16880",2,2,1,1,1,1,1,0,1,1,1,3,3,FALSE,FALSE,FALSE
"12L12D","AT2G17033",2,2,0,1,0,1,0,0,2,1,0,14,NA,FALSE,FALSE,FALSE
"12L12D","AT2G17140",2,2,1,1,1,1,1,1,1,1,1,9.11214435602904,9.11214435602904,FALSE,FALSE,FALSE
"12L12D","AT2G17210",2,2,1,1,1,1,1,1,1,1,1,11.3627781828821,11.3627781828821,FALSE,FALSE,FALSE
"12L12D","AT2G17525",2,2,1,1,1,1,1,1,1,1,1,2.80358767728286,2.80358767728286,FALSE,FALSE,FALSE
"12L12D","AT2G18940",2,2,1,1,1,1,1,1,2,1,1,9.60297044854348,9.60297044854348,FALSE,FALSE,FALSE
"12L12D","AT2G19280",2,2,1,1,1,1,1,1,1,1,1,5.85582543961359,5.85582543961359,FALSE,FALSE,FALSE
"12L12D","AT2G20540",2,2,1,1,1,1,1,0,2,1,0,14,14,FALSE,FALSE,FALSE
"12L12D","AT2G20710",2,2,1,1,1,1,1,1,1,1,1,6.31312194477691,6.31312194477691,FALSE,FALSE,FALSE
"12L12D","AT2G22070",2,2,1,1,1,1,1,1,1,1,1,9.75146772790554,9.75146772790554,FALSE,FALSE,FALSE
"12L12D","AT2G22410",2,2,0,1,0,1,0,0,1,1,0,8,NA,FALSE,FALSE,FALSE
"12L12D","AT2G25580",2,2,1,1,1,1,1,1,1,1,1,0.981868380424608,0.981868380424608,FALSE,FALSE,FALSE
"12L12D","AT2G26790",2,2,0,1,0,1,0,0,1,1,0,8,NA,FALSE,FALSE,FALSE
"12L12D","AT2G27610",2,2,1,1,1,2,1,1,2,1,1,9.05269016176475,9.05269016176475,FALSE,FALSE,FALSE
"12L12D","AT2G27800",2,2,1,1,1,1,1,1,1,1,1,7.05356828793001,7.05356828793001,FALSE,FALSE,FALSE
"12L12D","AT2G29760",2,2,1,1,1,2,1,1,2,1,1,10.3081565112335,10.3081565112335,FALSE,FALSE,FALSE
"12L12D","AT2G30100",2,2,1,1,1,1,1,1,1,1,1,0.108992160778625,0.108992160778625,FALSE,FALSE,FALSE
"12L12D","AT2G30780",2,2,0,1,0,0,0,0,1,1,0,2,NA,FALSE,FALSE,FALSE
"12L12D","AT2G32230",2,2,1,1,1,1,1,1,1,1,1,10.6163684688031,10.6163684688031,FALSE,FALSE,FALSE
"12L12D","AT2G32630",2,2,1,1,1,1,1,1,1,1,1,11.9124555877189,11.9124555877189,FALSE,FALSE,FALSE
"12L12D","AT2G33680",2,2,1,1,1,1,1,1,1,1,1,10.9450759467756,10.9450759467756,FALSE,FALSE,FALSE
"12L12D","AT2G33760",2,2,1,1,1,1,1,1,1,1,1,8.94194287013845,8.94194287013845,FALSE,FALSE,FALSE
"12L12D","AT2G34370",2,2,0,0,0,0,0,0,0,0,0,NA,NA,FALSE,FALSE,FALSE
"12L12D","AT2G34400",2,2,1,1,1,1,1,1,2,1,1,12.2538758808028,12.2538758808028,FALSE,FALSE,FALSE
"12L12D","AT2G35030",2,2,1,1,1,1,1,1,1,1,1,10.8515207447508,10.8515207447508,FALSE,FALSE,FALSE
"12L12D","AT2G35130",2,2,0,0,0,0,0,0,1,0,0,NA,NA,FALSE,FALSE,FALSE
"12L12D","AT2G36980",2,2,0,0,0,1,0,0,1,0,0,NA,NA,FALSE,FALSE,FALSE
"12L12D","AT2G37230",2,2,1,1,1,1,1,1,1,1,1,8.33143536213964,8.33143536213964,FALSE,FALSE,FALSE
"12L12D","AT2G37310",2,2,1,1,1,2,1,1,2,1,1,9.31400413730584,9.31400413730584,FALSE,FALSE,FALSE
"12L12D","AT2G37320",2,2,1,1,1,1,0,1,1,1,1,12.2555968907608,12.2555968907608,FALSE,FALSE,FALSE
"12L12D","AT2G38420",2,2,1,1,1,1,1,1,1,1,1,2.41380040366714,2.41380040366714,FALSE,FALSE,FALSE
"12L12D","AT2G39230",2,2,1,1,1,1,1,1,1,1,1,7.39399827715147,7.39399827715147,FALSE,FALSE,FALSE
"12L12D","AT2G39620",2,2,1,1,1,1,1,1,1,1,1,10.9655910650021,10.9655910650021,FALSE,FALSE,FALSE
"12L12D","AT2G40240",2,2,1,1,1,2,1,1,2,1,1,4.25139878250626,4.25139878250626,FALSE,FALSE,FALSE
"12L12D","AT2G40720",2,2,1,1,1,1,1,1,1,1,1,11.5171041899124,11.5171041899124,FALSE,FALSE,FALSE
"12L12D","AT2G41720",2,2,1,1,1,1,1,1,2,1,1,9.43771489205239,9.43771489205239,FALSE,FALSE,FALSE
"12L12D","AT2G42920",2,2,1,1,1,1,1,1,1,1,1,12.6469130646146,12.6469130646146,FALSE,FALSE,FALSE
"12L12D","AT2G45350",2,2,1,1,1,1,1,1,1,1,1,9.90070043320386,9.90070043320386,FALSE,FALSE,FALSE
"12L12D","AT2G46050",2,2,0,0,0,0,1,1,0,1,1,NA,NA,FALSE,FALSE,FALSE
"12L12D","AT2G46790",2,2,1,1,1,2,1,0,2,1,1,2,2,FALSE,FALSE,FALSE
"12L12D","AT2G48000",2,2,0,0,0,0,0,1,0,0,1,NA,NA,FALSE,FALSE,FALSE
"12L12D","AT3G01580",2,2,1,1,1,1,2,1,1,2,1,10.092045168403,10.092045168403,FALSE,FALSE,FALSE
"12L12D","AT3G02010",2,2,1,1,1,1,1,1,1,1,1,9.75214214623959,9.75214214623959,FALSE,FALSE,FALSE
"12L12D","AT3G02330",2,2,1,1,1,1,1,1,1,1,1,9.35943232907777,9.35943232907777,FALSE,FALSE,FALSE
"12L12D","AT3G02650",2,2,1,1,1,1,1,1,2,1,1,8.33222112458176,8.33222112458176,FALSE,FALSE,FALSE
"12L12D","AT3G04130",2,2,1,1,1,1,1,0,1,1,0,6,6,FALSE,FALSE,FALSE
"12L12D","AT3G04750",2,2,0,0,0,0,0,0,0,0,0,NA,NA,FALSE,FALSE,FALSE
"12L12D","AT3G05240",2,2,0,1,0,1,0,0,1,1,0,7,NA,FALSE,FALSE,FALSE
"12L12D","AT3G06430",2,2,1,1,1,1,1,0,1,1,1,17,17,FALSE,FALSE,FALSE
"12L12D","AT3G06920",2,2,1,1,1,1,1,1,1,1,1,8.17088194309888,8.17088194309888,FALSE,FALSE,FALSE
"12L12D","AT3G07290",2,2,0,1,0,1,0,0,1,1,1,8.95328280961243,NA,FALSE,FALSE,FALSE
"12L12D","AT3G08820",2,2,1,1,1,1,1,1,1,1,1,9.64017800282334,9.64017800282334,FALSE,FALSE,FALSE
"12L12D","AT3G09060",2,2,1,1,1,1,1,1,1,1,1,12.4013995503392,12.4013995503392,FALSE,FALSE,FALSE
"12L12D","AT3G09650",2,2,0,1,0,1,0,0,1,1,1,3.34156214788658,NA,FALSE,FALSE,FALSE
"12L12D","AT3G11460",2,2,1,1,1,1,1,1,1,2,1,10.9361701808899,10.9361701808899,FALSE,FALSE,FALSE
"12L12D","AT3G12770",2,2,1,1,1,1,1,1,1,1,1,9.23981562386828,9.23981562386828,FALSE,FALSE,FALSE
"12L12D","AT3G13150",2,2,1,1,1,2,1,1,2,1,1,8.08323404754496,8.08323404754496,FALSE,FALSE,FALSE
"12L12D","AT3G13160",2,2,1,1,1,1,1,1,2,1,1,9.0197291046063,9.0197291046063,FALSE,FALSE,FALSE
"12L12D","AT3G13880",2,2,1,1,1,1,1,1,1,1,1,9.29373503873811,9.29373503873811,FALSE,FALSE,FALSE
"12L12D","AT3G14330",2,2,1,1,1,1,1,1,1,1,1,8.50490597976107,8.50490597976107,FALSE,FALSE,FALSE
"12L12D","AT3G14730",2,2,1,1,1,1,1,1,1,1,1,9.84159542846237,9.84159542846237,FALSE,FALSE,FALSE
"12L12D","AT3G15130",2,2,0,1,0,1,0,0,1,1,1,9.75979595044441,NA,FALSE,FALSE,FALSE
"12L12D","AT3G15200",2,2,1,1,1,1,1,1,1,1,1,13.048217275226,13.048217275226,FALSE,FALSE,FALSE
"12L12D","AT3G15590",2,2,1,1,1,1,1,1,2,1,1,8.86327247436244,8.86327247436244,FALSE,FALSE,FALSE
"12L12D","AT3G15930",2,2,1,1,1,1,1,1,1,1,1,11.5604613828608,11.5604613828608,FALSE,FALSE,FALSE
"12L12D","AT3G16610",2,2,1,1,1,1,1,1,1,1,1,9.34520710219519,9.34520710219519,FALSE,FALSE,FALSE
"12L12D","AT3G16710",2,2,1,1,1,1,1,1,1,1,1,18.260210152742,18.260210152742,FALSE,FALSE,FALSE
"12L12D","AT3G16890",2,2,0,0,0,0,0,0,0,1,0,NA,NA,FALSE,FALSE,FALSE
"12L12D","AT3G18020",2,2,1,1,1,1,1,1,1,1,1,10.8854647108276,10.8854647108276,FALSE,FALSE,FALSE
"12L12D","AT3G18110",2,2,1,1,1,1,1,1,2,1,1,9.68089768199581,9.68089768199581,FALSE,FALSE,FALSE
"12L12D","AT3G18840",2,2,1,1,1,1,1,1,1,1,1,8.54537610938227,8.54537610938227,FALSE,FALSE,FALSE
"12L12D","AT3G18970",2,2,0,1,0,1,0,0,1,1,1,9.26060433675238,NA,FALSE,FALSE,FALSE
"12L12D","AT3G20730",2,2,1,1,1,1,1,1,1,1,1,9.97628474737219,9.97628474737219,FALSE,FALSE,FALSE
"12L12D","AT3G22150",2,2,0,1,0,0,0,0,2,1,1,10.0445946448504,NA,FALSE,FALSE,FALSE
"12L12D","AT3G22470",2,2,0,0,0,0,0,0,0,0,0,NA,NA,FALSE,FALSE,FALSE
"12L12D","AT3G22690",2,2,1,1,1,1,1,1,2,1,1,8.98884703126946,8.98884703126946,FALSE,FALSE,FALSE
"12L12D","AT3G23020",2,2,1,1,1,1,1,1,1,1,1,9.10607035211594,9.10607035211594,FALSE,FALSE,FALSE
"12L12D","AT3G24000",2,2,1,1,1,1,1,1,2,1,1,12.9235764534485,12.9235764534485,FALSE,FALSE,FALSE
"12L12D","AT3G25060",2,2,1,1,1,1,0,1,1,0,1,9.52688760957678,9.52688760957678,FALSE,FALSE,FALSE
"12L12D","AT3G25210",2,2,1,1,1,2,1,1,2,1,1,23.9870509771359,23.9870509771359,FALSE,FALSE,FALSE
"12L12D","AT3G25970",2,2,1,1,1,1,1,1,1,1,1,8.72804419300866,8.72804419300866,FALSE,FALSE,FALSE
"12L12D","AT3G26540",2,2,1,1,1,1,1,1,1,1,1,9.50019361582397,9.50019361582397,FALSE,FALSE,FALSE
"12L12D","AT3G26630",2,2,1,1,1,1,1,1,1,1,1,5.99429348348141,5.99429348348141,FALSE,FALSE,FALSE
"12L12D","AT3G26782",2,2,1,1,1,1,1,1,1,1,1,11.0371912403713,11.0371912403713,FALSE,FALSE,FALSE
"12L12D","AT3G27750",2,2,1,1,1,1,0,1,1,1,1,10.3164717581648,10.3164717581648,FALSE,FALSE,FALSE
"12L12D","AT3G28640",2,2,1,1,1,2,1,1,2,1,1,10.850284911563,10.850284911563,FALSE,FALSE,FALSE
"12L12D","AT3G28660",2,2,1,1,1,1,1,1,1,1,1,9.73135909522484,9.73135909522484,FALSE,FALSE,FALSE
"12L12D","AT3G29230",2,2,1,1,1,1,1,1,2,1,1,8.82536892151181,8.82536892151181,FALSE,FALSE,FALSE
"12L12D","AT3G29290",2,2,0,0,0,1,0,0,1,0,0,NA,NA,FALSE,FALSE,FALSE
"12L12D","AT3G42630",2,2,0,0,0,0,0,0,0,0,0,NA,NA,FALSE,FALSE,FALSE
"12L12D","AT3G46610",2,2,0,0,0,0,0,0,0,0,0,NA,NA,FALSE,FALSE,FALSE
"12L12D","AT3G46790",2,2,1,1,1,1,1,1,1,1,1,9.74973887676953,9.74973887676953,FALSE,FALSE,FALSE
"12L12D","AT3G46870",2,2,1,1,1,1,1,1,1,1,1,10.7098320124232,10.7098320124232,FALSE,FALSE,FALSE
"12L12D","AT3G47530",2,2,1,1,1,1,1,1,2,1,1,9.02496239283159,9.02496239283159,FALSE,FALSE,FALSE
"12L12D","AT3G47840",2,2,1,1,1,2,1,1,2,1,1,12.167945164879,12.167945164879,FALSE,FALSE,FALSE
"12L12D","AT3G48250",2,2,1,1,1,2,1,1,2,1,1,3.48601993703311,3.48601993703311,FALSE,FALSE,FALSE
"12L12D","AT3G48810",2,2,1,1,1,1,1,1,1,1,1,3.63142730633384,3.63142730633384,FALSE,FALSE,FALSE
"12L12D","AT3G49140",2,2,0,0,0,0,0,0,0,0,0,NA,NA,FALSE,FALSE,FALSE
"12L12D","AT3G49170",2,2,1,1,1,1,1,1,1,1,1,10.2642354414571,10.2642354414571,FALSE,FALSE,FALSE
"12L12D","AT3G49710",2,2,1,1,1,1,2,1,1,2,1,9.47899270505541,9.47899270505541,FALSE,FALSE,FALSE
"12L12D","AT3G49730",2,2,1,1,1,1,1,1,1,1,1,5.54118522690461,5.54118522690461,FALSE,FALSE,FALSE
"12L12D","AT3G49740",2,2,1,1,1,1,1,1,1,1,1,9.24434951755045,9.24434951755045,FALSE,FALSE,FALSE
"12L12D","AT3G50420",2,2,1,1,1,1,1,1,1,1,1,9.55859971066669,9.55859971066669,FALSE,FALSE,FALSE
"12L12D","AT3G51320",2,2,1,1,1,1,1,1,1,1,1,2.99389824093443,2.99389824093443,FALSE,FALSE,FALSE
"12L12D","AT3G53170",2,2,1,1,1,2,1,1,2,1,1,11.2257174629484,11.2257174629484,FALSE,FALSE,FALSE
"12L12D","AT3G53360",2,2,1,1,1,1,1,1,1,1,1,10.7782545499311,10.7782545499311,FALSE,FALSE,FALSE
"12L12D","AT3G53700",2,2,1,1,1,1,1,1,1,1,1,8.26047938223511,8.26047938223511,FALSE,FALSE,FALSE
"12L12D","AT3G54980",2,2,1,1,1,2,1,1,2,1,1,3.30338980265099,3.30338980265099,FALSE,FALSE,FALSE
"12L12D","AT3G56030",2,2,1,1,1,1,1,1,1,1,1,10.7175874406079,10.7175874406079,FALSE,FALSE,FALSE
"12L12D","AT3G56550",2,2,1,1,1,1,1,1,1,1,1,11.2224569012903,11.2224569012903,FALSE,FALSE,FALSE
"12L12D","AT3G58590",2,2,1,1,1,1,1,1,1,1,1,9.67455255827519,9.67455255827519,FALSE,FALSE,FALSE
"12L12D","AT3G60050",2,2,1,1,1,1,1,0,1,1,1,3,3,FALSE,FALSE,FALSE
"12L12D","AT3G60960",2,2,1,1,1,1,1,1,1,1,1,7.55055039505449,7.55055039505449,FALSE,FALSE,FALSE
"12L12D","AT3G60980",2,2,1,1,1,1,1,1,1,1,1,2.0091717615443,2.0091717615443,FALSE,FALSE,FALSE
"12L12D","AT3G61170",2,2,1,1,1,1,1,1,1,1,1,12.7012277083281,12.7012277083281,FALSE,FALSE,FALSE
"12L12D","AT3G61520",2,2,1,1,1,1,1,1,1,1,1,9.74372436773121,9.74372436773121,FALSE,FALSE,FALSE
"12L12D","AT3G62470",2,2,1,1,1,1,0,1,1,1,1,0.432276730802139,0.432276730802139,FALSE,FALSE,FALSE
"12L12D","AT3G62540",2,2,0,0,0,0,0,0,0,0,0,NA,NA,FALSE,FALSE,FALSE
"12L12D","AT3G62890",2,2,1,1,1,1,1,1,1,1,1,9.98308618533658,9.98308618533658,FALSE,FALSE,FALSE
"12L12D","AT3G63370",2,2,0,0,0,1,0,0,1,0,0,NA,NA,FALSE,FALSE,FALSE
"12L12D","AT4G01030",2,2,1,1,1,1,1,0,1,1,1,15,15,FALSE,FALSE,FALSE
"12L12D","AT4G01400",2,2,0,0,0,0,0,0,1,0,0,NA,NA,FALSE,FALSE,FALSE
"12L12D","AT4G01570",2,2,0,0,0,1,0,0,1,0,0,NA,NA,FALSE,FALSE,FALSE
"12L12D","AT4G01990",2,2,1,1,1,1,1,1,1,1,1,7.90448546594464,7.90448546594464,FALSE,FALSE,FALSE
"12L12D","AT4G02750",2,2,1,1,1,2,1,1,2,1,1,9.70371999900592,9.70371999900592,FALSE,FALSE,FALSE
"12L12D","AT4G02820",2,2,1,1,1,1,1,1,2,1,1,2.29389404508737,2.29389404508737,FALSE,FALSE,FALSE
"12L12D","AT4G04370",2,2,1,1,1,1,1,1,1,1,1,8.3449008002263,8.3449008002263,FALSE,FALSE,FALSE
"12L12D","AT4G04790",2,2,1,1,1,1,1,1,1,1,1,8.6030692311127,8.6030692311127,FALSE,FALSE,FALSE
"12L12D","AT4G08210",2,2,1,1,1,1,1,1,1,1,1,9.0728570400601,9.0728570400601,FALSE,FALSE,FALSE
"12L12D","AT4G11690",2,2,1,1,1,1,1,1,1,1,1,9.93502386909183,9.93502386909183,FALSE,FALSE,FALSE
"12L12D","AT4G13650",2,2,1,1,1,2,1,1,2,1,1,9.20438314192334,9.20438314192334,FALSE,FALSE,FALSE
"12L12D","AT4G14050",2,2,1,1,1,2,1,1,2,1,1,11.0675048339094,11.0675048339094,FALSE,FALSE,FALSE
"12L12D","AT4G14190",2,2,1,1,1,1,1,1,1,1,1,1.28293837444013,1.28293837444013,FALSE,FALSE,FALSE
"12L12D","AT4G14850",2,2,1,1,1,1,1,1,1,1,1,8.93273844973163,8.93273844973163,FALSE,FALSE,FALSE
"12L12D","AT4G15720",2,2,1,1,1,1,1,1,1,1,1,9.09965495658094,9.09965495658094,FALSE,FALSE,FALSE
"12L12D","AT4G16470",2,2,1,1,1,1,1,0,1,1,0,0,0,FALSE,FALSE,FALSE
"12L12D","AT4G16835",2,2,1,1,1,1,1,1,1,1,1,9.15796830582402,9.15796830582402,FALSE,FALSE,FALSE
"12L12D","AT4G17616",2,2,1,1,1,1,1,1,1,1,1,0.92847681138965,0.92847681138965,FALSE,FALSE,FALSE
"12L12D","AT4G17910",2,2,1,1,1,1,1,1,1,1,1,8.33195622910202,8.33195622910202,FALSE,FALSE,FALSE
"12L12D","AT4G18750",2,2,1,1,1,1,1,1,1,2,1,10.7081784645204,10.7081784645204,FALSE,FALSE,FALSE
"12L12D","AT4G18975",2,2,1,1,1,1,1,1,2,1,1,6.38973136312925,6.38973136312925,FALSE,FALSE,FALSE
"12L12D","AT4G19191",2,2,1,1,1,1,1,1,1,1,1,11.6156513215931,11.6156513215931,FALSE,FALSE,FALSE
"12L12D","AT4G19220",2,2,1,1,1,1,1,1,1,1,1,13.6424334367808,13.6424334367808,FALSE,FALSE,FALSE
"12L12D","AT4G19440",2,2,1,1,1,1,1,1,1,1,1,2.06640743907583,2.06640743907583,FALSE,FALSE,FALSE
"12L12D","AT4G19900",2,2,1,1,1,1,1,1,2,1,1,13.2360893041359,13.2360893041359,FALSE,FALSE,FALSE
"12L12D","AT4G20090",2,2,1,1,1,1,1,1,1,1,1,8.9488969389294,8.9488969389294,FALSE,FALSE,FALSE
"12L12D","AT4G20770",2,2,1,1,1,1,1,1,1,1,1,8.70276353559763,8.70276353559763,FALSE,FALSE,FALSE
"12L12D","AT4G21065",2,2,1,1,1,1,1,1,1,1,1,8.56398589757007,8.56398589757007,FALSE,FALSE,FALSE
"12L12D","AT4G21170",2,2,1,1,1,1,1,1,1,2,1,3.91990682422898,3.91990682422898,FALSE,FALSE,FALSE
"12L12D","AT4G21190",2,2,0,0,0,0,0,0,1,0,0,NA,NA,FALSE,FALSE,FALSE
"12L12D","AT4G21300",2,2,1,1,1,1,0,1,1,1,1,12.6435897116622,12.6435897116622,FALSE,FALSE,FALSE
"12L12D","AT4G21705",2,2,1,1,1,1,1,1,1,1,1,5.79113861113189,5.79113861113189,FALSE,FALSE,FALSE
"12L12D","AT4G21880",2,2,1,1,1,1,1,1,1,1,1,8.33525423234642,8.33525423234642,FALSE,FALSE,FALSE
"12L12D","AT4G21900",2,2,0,0,0,0,0,0,0,0,0,NA,NA,FALSE,FALSE,FALSE
"12L12D","AT4G22760",2,2,0,1,0,1,0,0,1,1,1,23.7665755047808,NA,FALSE,FALSE,FALSE
"12L12D","AT4G25270",2,2,1,1,1,1,1,1,2,1,1,8.98954479524909,8.98954479524909,FALSE,FALSE,FALSE
"12L12D","AT4G26680",2,2,0,0,0,0,0,0,0,0,0,NA,NA,FALSE,FALSE,FALSE
"12L12D","AT4G26800",2,2,0,1,0,1,0,0,1,1,0,6,NA,FALSE,FALSE,FALSE
"12L12D","AT4G28010",2,2,1,1,1,1,1,1,1,1,1,2.91185100380122,2.91185100380122,FALSE,FALSE,FALSE
"12L12D","AT4G30700",2,2,1,1,1,1,1,1,1,1,1,10.6653071596083,10.6653071596083,FALSE,FALSE,FALSE
"12L12D","AT4G30825",2,2,1,1,1,1,1,1,1,1,1,7.03985193803598,7.03985193803598,FALSE,FALSE,FALSE
"12L12D","AT4G31070",2,2,1,1,1,1,1,1,1,1,1,12.3082097822224,12.3082097822224,FALSE,FALSE,FALSE
"12L12D","AT4G32430",2,2,1,1,1,2,1,1,2,1,1,8.30766531688184,8.30766531688184,FALSE,FALSE,FALSE
"12L12D","AT4G32450",2,2,1,1,1,1,1,1,1,1,1,19.6772119345714,19.6772119345714,FALSE,FALSE,FALSE
"12L12D","AT4G33990",2,2,1,1,1,1,1,0,2,1,0,7,7,FALSE,FALSE,FALSE
"12L12D","AT4G34830",2,2,0,0,0,0,0,0,0,0,0,NA,NA,FALSE,FALSE,FALSE
"12L12D","AT4G35130",2,2,1,1,1,2,1,1,2,1,1,10.2620059271823,10.2620059271823,FALSE,FALSE,FALSE
"12L12D","AT4G35850",2,2,1,1,1,1,1,1,1,2,1,8.85872352538717,8.85872352538717,FALSE,FALSE,FALSE
"12L12D","AT4G37170",2,2,1,1,1,1,1,1,1,1,1,10.5375533060092,10.5375533060092,FALSE,FALSE,FALSE
"12L12D","AT4G37380",2,2,1,1,1,2,1,1,2,1,1,8.28908981651489,8.28908981651489,FALSE,FALSE,FALSE
"12L12D","AT4G38010",2,2,1,1,1,1,1,1,1,1,1,9.3392648031729,9.3392648031729,FALSE,FALSE,FALSE
"12L12D","AT4G39530",2,2,1,1,1,1,1,1,1,1,1,9.65244802021931,9.65244802021931,FALSE,FALSE,FALSE
"12L12D","AT4G39620",2,2,1,1,1,1,1,1,1,1,1,8.37567105200346,8.37567105200346,FALSE,FALSE,FALSE
"12L12D","AT4G39952",2,2,1,1,1,1,1,1,1,1,1,11.2476077627127,11.2476077627127,FALSE,FALSE,FALSE
"12L12D","AT5G01110",2,2,1,1,1,1,1,0,1,1,1,4,4,FALSE,FALSE,FALSE
"12L12D","AT5G02830",2,2,1,1,1,1,1,1,2,1,1,1.42815546586878,1.42815546586878,FALSE,FALSE,FALSE
"12L12D","AT5G03800",2,2,1,1,1,1,1,1,1,1,1,9.73120297170603,9.73120297170603,FALSE,FALSE,FALSE
"12L12D","AT5G04780",2,2,1,1,1,1,1,1,1,1,1,10.7479778775372,10.7479778775372,FALSE,FALSE,FALSE
"12L12D","AT5G04810",2,2,0,1,0,0,0,1,1,0,1,1.92573806945571,NA,FALSE,FALSE,FALSE
"12L12D","AT5G06540",2,2,1,1,1,1,1,1,1,1,1,8.61002395172155,8.61002395172155,FALSE,FALSE,FALSE
"12L12D","AT5G08310",2,2,1,1,1,2,1,1,2,1,1,6.88490802921457,6.88490802921457,FALSE,FALSE,FALSE
"12L12D","AT5G08490",2,2,1,1,1,1,1,1,1,1,1,9.09207251312405,9.09207251312405,FALSE,FALSE,FALSE
"12L12D","AT5G08510",2,2,1,1,1,1,1,1,1,1,1,11.1359483768596,11.1359483768596,FALSE,FALSE,FALSE
"12L12D","AT5G09950",2,2,1,1,1,1,1,1,1,1,1,11.6366633603339,11.6366633603339,FALSE,FALSE,FALSE
"12L12D","AT5G11310",2,2,0,0,0,1,0,0,1,0,0,NA,NA,FALSE,FALSE,FALSE
"12L12D","AT5G12100",2,2,0,0,0,0,0,0,0,0,0,NA,NA,FALSE,FALSE,FALSE
"12L12D","AT5G13230",2,2,1,1,1,1,1,1,1,1,1,9.51803472785285,9.51803472785285,FALSE,FALSE,FALSE
"12L12D","AT5G13270",2,2,1,1,1,1,1,1,1,1,1,11.0848847197383,11.0848847197383,FALSE,FALSE,FALSE
"12L12D","AT5G14770",2,2,1,1,1,1,1,1,1,1,1,4.2394706155619,4.2394706155619,FALSE,FALSE,FALSE
"12L12D","AT5G14820",2,2,0,0,0,0,0,0,0,0,0,NA,NA,FALSE,FALSE,FALSE
"12L12D","AT5G15010",2,2,1,1,1,1,1,0,1,1,1,3,3,FALSE,FALSE,FALSE
"12L12D","AT5G15280",2,2,0,0,0,0,0,0,0,0,0,NA,NA,FALSE,FALSE,FALSE
"12L12D","AT5G15300",2,2,1,1,1,1,1,1,1,2,1,8.75928761269939,8.75928761269939,FALSE,FALSE,FALSE
"12L12D","AT5G15340",2,2,1,1,1,1,1,1,1,1,1,10.2600329609946,10.2600329609946,FALSE,FALSE,FALSE
"12L12D","AT5G15980",2,2,1,1,1,1,1,1,2,1,1,7.40577568206968,7.40577568206968,FALSE,FALSE,FALSE
"12L12D","AT5G16640",2,2,0,0,0,0,0,0,0,0,0,NA,NA,FALSE,FALSE,FALSE
"12L12D","AT5G16860",2,2,1,1,1,1,1,1,1,1,1,9.12466248969246,9.12466248969246,FALSE,FALSE,FALSE
"12L12D","AT5G18390",2,2,1,1,1,1,1,0,1,1,1,6,6,FALSE,FALSE,FALSE
"12L12D","AT5G18475",2,2,0,0,0,1,0,0,1,0,0,NA,NA,FALSE,FALSE,FALSE
"12L12D","AT5G18950",2,2,1,1,1,1,1,0,1,1,1,5,5,FALSE,FALSE,FALSE
"12L12D","AT5G21222",2,2,1,1,1,1,0,1,1,0,1,0.823431811738619,0.823431811738619,FALSE,FALSE,FALSE
"12L12D","AT5G24470",2,2,0,1,0,1,0,0,1,1,0,12,NA,FALSE,FALSE,FALSE
"12L12D","AT5G24830",2,2,0,0,0,1,0,0,1,0,0,NA,NA,FALSE,FALSE,FALSE
"12L12D","AT5G25630",2,2,1,1,1,2,1,0,2,1,0,7,7,FALSE,FALSE,FALSE
"12L12D","AT5G27110",2,2,1,1,1,1,1,1,1,1,1,9.67787242845883,9.67787242845883,FALSE,FALSE,FALSE
"12L12D","AT5G27270",2,2,0,0,0,1,0,0,1,0,0,NA,NA,FALSE,FALSE,FALSE
"12L12D","AT5G27460",2,2,1,1,1,1,1,1,1,1,1,23.230165549131,23.230165549131,FALSE,FALSE,FALSE
"12L12D","AT5G28460",2,2,0,0,0,0,0,0,0,0,0,NA,NA,FALSE,FALSE,FALSE
"12L12D","AT5G36300",2,2,0,0,0,0,0,0,0,0,0,NA,NA,FALSE,FALSE,FALSE
"12L12D","AT5G37570",2,2,1,1,1,1,1,1,1,1,1,8.81482994040672,8.81482994040672,FALSE,FALSE,FALSE
"12L12D","AT5G38730",2,2,1,1,1,1,1,1,1,1,1,7.24708021737128,7.24708021737128,FALSE,FALSE,FALSE
"12L12D","AT5G39350",2,2,1,1,1,1,1,1,2,1,1,10.8896630269138,10.8896630269138,FALSE,FALSE,FALSE
"12L12D","AT5G39680",2,2,1,1,1,1,1,1,1,1,1,11.0589501538781,11.0589501538781,FALSE,FALSE,FALSE
"12L12D","AT5G39710",2,2,1,1,1,1,1,1,1,1,1,2.02456930991065,2.02456930991065,FALSE,FALSE,FALSE
"12L12D","AT5G40400",2,2,1,1,1,1,1,0,1,1,0,4,4,FALSE,FALSE,FALSE
"12L12D","AT5G40405",2,2,1,1,1,1,1,1,1,1,1,11.1055648573996,11.1055648573996,FALSE,FALSE,FALSE
"12L12D","AT5G40410",2,2,1,1,1,1,1,1,1,1,1,11.1343276297463,11.1343276297463,FALSE,FALSE,FALSE
"12L12D","AT5G41170",2,2,0,0,0,0,0,0,0,0,0,NA,NA,FALSE,FALSE,FALSE
"12L12D","AT5G42310",2,2,0,0,0,0,0,0,0,0,0,NA,NA,FALSE,FALSE,FALSE
"12L12D","AT5G43790",2,2,1,1,1,1,1,1,1,1,1,8.33741906311333,8.33741906311333,FALSE,FALSE,FALSE
"12L12D","AT5G43820",2,2,0,0,0,0,0,0,0,0,0,NA,NA,FALSE,FALSE,FALSE
"12L12D","AT5G44230",2,2,1,1,1,1,1,1,1,1,1,9.21846791797312,9.21846791797312,FALSE,FALSE,FALSE
"12L12D","AT5G46100",2,2,1,1,1,1,1,1,1,1,1,8.90394916936771,8.90394916936771,FALSE,FALSE,FALSE
"12L12D","AT5G46460",2,2,1,1,1,1,1,1,1,1,1,13.0965995790352,13.0965995790352,FALSE,FALSE,FALSE
"12L12D","AT5G46580",2,2,1,1,1,1,1,1,1,1,1,9.40026098380465,9.40026098380465,FALSE,FALSE,FALSE
"12L12D","AT5G46680",2,2,1,1,1,1,1,1,1,1,1,10.6377941834043,10.6377941834043,FALSE,FALSE,FALSE
"12L12D","AT5G47360",2,2,0,1,0,1,0,0,1,1,1,2.41269244658488,NA,FALSE,FALSE,FALSE
"12L12D","AT5G47460",2,2,1,1,1,1,1,1,1,1,1,11.0395102868808,11.0395102868808,FALSE,FALSE,FALSE
"12L12D","AT5G48730",2,2,1,1,1,2,1,1,2,1,1,8.16047316830167,8.16047316830167,FALSE,FALSE,FALSE
"12L12D","AT5G48910",2,2,0,0,0,1,0,0,2,0,0,NA,NA,FALSE,FALSE,FALSE
"12L12D","AT5G50390",2,2,1,1,1,1,1,1,2,1,1,12.0326325425891,12.0326325425891,FALSE,FALSE,FALSE
"12L12D","AT5G50990",2,2,1,1,1,1,1,0,1,1,1,4,4,FALSE,FALSE,FALSE
"12L12D","AT5G52630",2,2,1,1,1,1,1,1,1,1,1,12.9549023225055,12.9549023225055,FALSE,FALSE,FALSE
"12L12D","AT5G52850",2,2,1,1,1,2,1,1,2,1,1,10.4429764284744,10.4429764284744,FALSE,FALSE,FALSE
"12L12D","AT5G55740",2,2,1,1,1,1,1,1,2,1,1,9.35117251304684,9.35117251304684,FALSE,FALSE,FALSE
"12L12D","AT5G55840",2,2,0,0,0,1,0,0,1,0,0,NA,NA,FALSE,FALSE,FALSE
"12L12D","AT5G56310",2,2,1,1,1,1,1,1,2,1,1,9.2591987943835,9.2591987943835,FALSE,FALSE,FALSE
"12L12D","AT5G59200",2,2,1,1,1,1,1,1,1,1,1,11.1319138979516,11.1319138979516,FALSE,FALSE,FALSE
"12L12D","AT5G59600",2,2,1,1,1,1,1,1,1,1,1,8.38189370403895,8.38189370403895,FALSE,FALSE,FALSE
"12L12D","AT5G59900",2,2,1,1,1,1,1,1,1,1,1,7.9724490471478,7.9724490471478,FALSE,FALSE,FALSE
"12L12D","AT5G61400",2,2,1,1,1,1,1,1,1,1,1,12.3171677351807,12.3171677351807,FALSE,FALSE,FALSE
"12L12D","AT5G61800",2,2,1,1,1,1,1,1,1,1,1,10.1404936726569,10.1404936726569,FALSE,FALSE,FALSE
"12L12D","AT5G61990",2,2,1,1,1,1,1,1,1,1,1,0.266031509936615,0.266031509936615,FALSE,FALSE,FALSE
"12L12D","AT5G62370",2,2,1,1,1,1,1,1,1,1,1,9.02144490331632,9.02144490331632,FALSE,FALSE,FALSE
"12L12D","AT5G64170",2,2,1,1,1,2,1,1,2,1,1,1.36585217165655,1.36585217165655,FALSE,FALSE,FALSE
"12L12D","AT5G64320",2,2,1,1,1,1,1,1,1,1,1,8.34353635410374,8.34353635410374,FALSE,FALSE,FALSE
"12L12D","AT5G65570",2,2,1,1,1,1,1,0,1,1,1,14,14,FALSE,FALSE,FALSE
"12L12D","AT5G65820",2,2,0,0,0,1,0,0,1,0,0,NA,NA,FALSE,FALSE,FALSE
"12L12D","AT5G66500",2,2,1,1,1,1,1,1,1,1,1,9.84805287754217,9.84805287754217,FALSE,FALSE,FALSE
"12L12D","AT5G66520",2,2,1,1,1,1,0,1,1,1,1,3.0046559773174,3.0046559773174,FALSE,FALSE,FALSE
"12L12D","AT5G66631",2,2,1,1,1,1,1,1,1,1,1,10.6320860525964,10.6320860525964,FALSE,FALSE,FALSE
"12L12D","AT5G67570",2,2,1,1,1,1,1,1,1,1,1,16.7501838866317,16.7501838866317,FALSE,FALSE,FALSE
"12L12D_LL","AT1G01060",3,4,4,4,3,4,4,2,4,4,2,1.89324098244539,1.89324098244539,TRUE,TRUE,TRUE
"12L12D_LL","AT1G01970",3,4,3,4,2,4,3,2,4,4,2,14.5938498017683,14.5938498017683,TRUE,FALSE,TRUE
"12L12D_LL","AT1G15510",3,4,3,3,3,3,2,1,3,3,2,14.9323449829145,14.9323449829145,TRUE,TRUE,TRUE
"12L12D_LL","AT1G22770",3,4,3,4,3,4,3,1,4,4,2,12.2563840788606,12.2563840788606,TRUE,TRUE,TRUE
"12L12D_LL","AT1G31920",3,4,3,3,1,3,3,1,3,3,1,1.24099221658535,1.24099221658535,TRUE,FALSE,TRUE
"12L12D_LL","AT2G18940",3,4,4,4,4,4,4,0,4,4,1,15.5,15.5,TRUE,TRUE,TRUE
"12L12D_LL","AT2G25930",3,4,3,4,3,4,3,1,4,4,2,16.8991314210538,16.8991314210538,TRUE,TRUE,TRUE
"12L12D_LL","AT2G40080",3,4,4,4,3,4,4,2,4,4,2,13.9187890536135,13.9187890536135,TRUE,TRUE,TRUE
"12L12D_LL","AT2G46830",3,4,4,4,4,4,4,2,4,4,3,2.44483962152147,2.44483962152147,TRUE,TRUE,TRUE
"12L12D_LL","AT3G09600",3,4,4,4,3,4,4,1,4,4,2,1.75702555393023,1.75702555393023,TRUE,TRUE,TRUE
"12L12D_LL","AT3G18970",3,4,3,3,2,3,3,1,3,3,1,17.1266250403742,17.1266250403742,TRUE,FALSE,TRUE
"12L12D_LL","AT3G46640",3,4,4,4,4,4,4,2,4,4,3,12.8974788678929,12.8974788678929,TRUE,TRUE,TRUE
"12L12D_LL","AT3G54500",3,4,4,4,4,4,4,2,4,4,2,3.5296835189211,3.5296835189211,TRUE,TRUE,TRUE
"12L12D_LL","AT5G02810",3,4,4,4,3,4,4,1,4,4,3,9.22761525065919,9.22761525065919,TRUE,TRUE,TRUE
"12L12D_LL","AT5G02860",3,4,4,4,3,4,4,1,4,4,2,13.5743842119427,13.5743842119427,TRUE,TRUE,TRUE
"12L12D_LL","AT5G04810",3,4,3,3,3,3,3,0,4,3,1,15.9222156435505,15.9222156435505,TRUE,TRUE,TRUE
"12L12D_LL","AT5G13770",3,4,4,4,3,4,4,2,4,4,3,0.343242938725141,0.343242938725141,TRUE,TRUE,TRUE
"12L12D_LL","AT5G24470",3,4,3,3,3,3,3,0,3,3,1,12.2737736900579,12.2737736900579,TRUE,TRUE,TRUE
"12L12D_LL","AT5G48730",3,4,3,4,3,4,3,1,4,4,2,16.7112384694527,16.7112384694527,TRUE,TRUE,TRUE
"12L12D_LL","AT5G61380",3,4,4,4,3,4,4,2,4,4,3,13.5816932207092,13.5816932207092,TRUE,TRUE,TRUE
"12L12D_LL","AT5G64170",3,4,4,4,3,4,4,2,4,4,3,3.96947953401141,3.96947953401141,TRUE,TRUE,TRUE
"12L12D_LL","AT1G80270",3,4,2,3,2,2,3,0,3,3,1,15,15,FALSE,FALSE,TRUE
"12L12D_LL","AT2G29760",3,4,2,4,2,4,2,0,4,4,1,15.5,15.5,FALSE,FALSE,TRUE
"12L12D_LL","AT2G46790",3,4,2,3,2,4,2,0,4,3,0,8,8,FALSE,FALSE,TRUE
"12L12D_LL","AT3G18110",3,4,2,3,2,4,2,0,4,3,0,17.5,17.5,FALSE,FALSE,TRUE
"12L12D_LL","AT3G53700",3,4,2,3,2,4,2,2,4,3,2,12.5268669160337,12.5268669160337,FALSE,FALSE,TRUE
"12L12D_LL","AT3G57430",3,4,2,3,2,4,2,2,4,3,2,12.1318812994161,12.1318812994161,FALSE,FALSE,TRUE
"12L12D_LL","AT4G16390",3,4,1,3,1,4,1,0,4,3,0,12,12,FALSE,FALSE,TRUE
"12L12D_LL","AT4G18520",3,4,2,4,2,4,2,2,4,4,2,11.3900126434368,11.3900126434368,FALSE,FALSE,TRUE
"12L12D_LL","AT4G35130",3,4,2,3,2,3,2,0,3,3,0,21,21,FALSE,FALSE,TRUE
"12L12D_LL","AT5G01110",3,4,2,3,2,2,2,0,3,3,0,18,18,FALSE,FALSE,TRUE
"12L12D_LL","AT5G39980",3,4,2,3,2,2,2,0,4,3,0,15.5,15.5,FALSE,FALSE,TRUE
"12L12D_LL","AT5G42310",3,4,1,3,1,3,1,0,3,3,0,18,18,FALSE,FALSE,TRUE
"12L12D_LL","AT5G46580",3,4,2,3,2,4,2,1,4,3,2,14.7544698141547,14.7544698141547,FALSE,FALSE,TRUE
"12L12D_LL","AT5G61370",3,4,2,3,2,4,2,1,4,3,2,14.290271831546,14.290271831546,FALSE,FALSE,TRUE
"12L12D_LL","AT1G02060",3,4,0,0,0,0,0,0,1,0,0,NA,NA,FALSE,FALSE,FALSE
"12L12D_LL","AT1G02150",3,4,0,1,0,2,0,0,3,1,0,18,NA,FALSE,FALSE,FALSE
"12L12D_LL","AT1G02370",3,4,0,0,0,0,0,0,0,0,0,NA,NA,FALSE,FALSE,FALSE
"12L12D_LL","AT1G02420",3,4,0,0,0,0,0,0,0,0,0,NA,NA,FALSE,FALSE,FALSE
"12L12D_LL","AT1G03100",3,4,1,1,1,1,1,0,1,1,0,21,21,FALSE,FALSE,FALSE
"12L12D_LL","AT1G03510",3,4,0,0,0,0,0,0,0,0,0,NA,NA,FALSE,FALSE,FALSE
"12L12D_LL","AT1G03540",3,4,0,1,0,2,0,0,2,2,0,10,NA,FALSE,FALSE,FALSE
"12L12D_LL","AT1G03560",3,4,0,0,0,2,0,0,2,0,0,NA,NA,FALSE,FALSE,FALSE
"12L12D_LL","AT1G04840",3,4,0,1,0,1,0,0,1,1,0,11,NA,FALSE,FALSE,FALSE
"12L12D_LL","AT1G05600",3,4,0,0,0,0,0,0,0,0,0,NA,NA,FALSE,FALSE,FALSE
"12L12D_LL","AT1G05670",3,4,0,0,0,0,0,0,0,0,0,NA,NA,FALSE,FALSE,FALSE
"12L12D_LL","AT1G05750",3,4,1,2,1,1,2,0,2,2,0,17,17,FALSE,FALSE,FALSE
"12L12D_LL","AT1G06140",3,4,1,1,1,1,1,0,1,1,0,19,19,FALSE,FALSE,FALSE
"12L12D_LL","AT1G06150",3,4,0,0,0,1,0,0,1,0,0,NA,NA,FALSE,FALSE,FALSE
"12L12D_LL","AT1G06270",3,4,0,0,0,0,0,0,0,0,0,NA,NA,FALSE,FALSE,FALSE
"12L12D_LL","AT1G06580",3,4,0,0,0,0,0,0,0,0,0,NA,NA,FALSE,FALSE,FALSE
"12L12D_LL","AT1G06710",3,4,0,0,0,0,0,0,0,1,0,NA,NA,FALSE,FALSE,FALSE
"12L12D_LL","AT1G07590",3,4,0,0,0,0,0,0,0,0,0,NA,NA,FALSE,FALSE,FALSE
"12L12D_LL","AT1G07740",3,4,0,0,0,0,0,0,0,0,0,NA,NA,FALSE,FALSE,FALSE
"12L12D_LL","AT1G08070",3,4,0,0,0,2,0,0,2,0,0,NA,NA,FALSE,FALSE,FALSE
"12L12D_LL","AT1G08610",3,4,0,1,0,2,0,0,2,1,0,14,NA,FALSE,FALSE,FALSE
"12L12D_LL","AT1G09190",3,4,0,0,0,1,0,0,2,0,0,NA,NA,FALSE,FALSE,FALSE
"12L12D_LL","AT1G09220",3,4,1,1,1,1,1,0,1,1,1,14,14,FALSE,FALSE,FALSE
"12L12D_LL","AT1G09410",3,4,1,1,1,1,1,0,1,1,0,11,11,FALSE,FALSE,FALSE
"12L12D_LL","AT1G09680",3,4,0,0,0,1,0,0,2,0,0,NA,NA,FALSE,FALSE,FALSE
"12L12D_LL","AT1G09820",3,4,0,1,0,1,0,0,1,1,0,16,NA,FALSE,FALSE,FALSE
"12L12D_LL","AT1G09900",3,4,1,1,1,2,1,0,2,2,0,12,12,FALSE,FALSE,FALSE
"12L12D_LL","AT1G10270",3,4,0,2,0,1,1,0,2,2,0,17.5,NA,FALSE,FALSE,FALSE
"12L12D_LL","AT1G10330",3,4,0,1,0,1,0,0,1,1,0,17,NA,FALSE,FALSE,FALSE
"12L12D_LL","AT1G10910",3,4,0,0,0,0,0,0,1,0,0,NA,NA,FALSE,FALSE,FALSE
"12L12D_LL","AT1G11290",3,4,2,2,2,2,2,0,4,2,1,17.5,17.5,FALSE,FALSE,FALSE
"12L12D_LL","AT1G11630",3,4,0,1,0,1,0,0,1,1,1,15.5292824264569,NA,FALSE,FALSE,FALSE
"12L12D_LL","AT1G11710",3,4,0,0,0,1,0,0,1,0,0,NA,NA,FALSE,FALSE,FALSE
"12L12D_LL","AT1G11900",3,4,1,1,1,1,1,0,1,1,0,12,12,FALSE,FALSE,FALSE
"12L12D_LL","AT1G12300",3,4,0,0,0,0,0,0,0,0,0,NA,NA,FALSE,FALSE,FALSE
"12L12D_LL","AT1G12620",3,4,0,0,0,0,0,0,0,0,0,NA,NA,FALSE,FALSE,FALSE
"12L12D_LL","AT1G12700",3,4,0,0,0,0,0,0,0,1,0,NA,NA,FALSE,FALSE,FALSE
"12L12D_LL","AT1G12775",3,4,0,2,0,2,0,0,2,2,1,15.4793489085778,NA,FALSE,FALSE,FALSE
"12L12D_LL","AT1G13040",3,4,0,0,0,0,0,0,0,0,0,NA,NA,FALSE,FALSE,FALSE
"12L12D_LL","AT1G13410",3,4,0,0,0,1,0,0,1,0,0,NA,NA,FALSE,FALSE,FALSE
"12L12D_LL","AT1G13630",3,4,0,0,0,0,0,0,0,0,0,NA,NA,FALSE,FALSE,FALSE
"12L12D_LL","AT1G13800",3,4,0,0,0,0,0,0,0,0,0,NA,NA,FALSE,FALSE,FALSE
"12L12D_LL","AT1G14470",3,4,0,0,0,0,0,0,0,0,0,NA,NA,FALSE,FALSE,FALSE
"12L12D_LL","AT1G15480",3,4,2,2,2,2,2,0,2,2,0,14,14,FALSE,FALSE,FALSE
"12L12D_LL","AT1G16480",3,4,0,1,0,1,0,0,2,1,0,20,NA,FALSE,FALSE,FALSE
"12L12D_LL","AT1G16830",3,4,0,1,0,1,0,0,1,1,0,18,NA,FALSE,FALSE,FALSE
"12L12D_LL","AT1G17630",3,4,1,1,1,1,1,0,1,1,1,14,14,FALSE,FALSE,FALSE
"12L12D_LL","AT1G18485",3,4,1,2,1,2,1,0,2,2,0,12,12,FALSE,FALSE,FALSE
"12L12D_LL","AT1G18900",3,4,1,1,1,2,1,0,2,1,0,22,22,FALSE,FALSE,FALSE
"12L12D_LL","AT1G19290",3,4,0,0,0,1,0,0,1,0,0,NA,NA,FALSE,FALSE,FALSE
"12L12D_LL","AT1G19520",3,4,0,0,0,1,0,0,1,0,0,NA,NA,FALSE,FALSE,FALSE
"12L12D_LL","AT1G19720",3,4,1,1,1,1,1,0,1,2,0,3,3,FALSE,FALSE,FALSE
"12L12D_LL","AT1G20230",3,4,0,0,0,0,0,0,1,0,0,NA,NA,FALSE,FALSE,FALSE
"12L12D_LL","AT1G20300",3,4,0,1,0,2,0,0,2,1,0,19,NA,FALSE,FALSE,FALSE
"12L12D_LL","AT1G22830",3,4,0,1,0,0,0,0,1,1,0,11,NA,FALSE,FALSE,FALSE
"12L12D_LL","AT1G22960",3,4,0,0,0,0,0,0,1,0,0,NA,NA,FALSE,FALSE,FALSE
"12L12D_LL","AT1G25360",3,4,0,1,0,1,1,0,2,1,0,20,NA,FALSE,FALSE,FALSE
"12L12D_LL","AT1G26460",3,4,0,0,0,0,0,0,0,0,0,NA,NA,FALSE,FALSE,FALSE
"12L12D_LL","AT1G26500",3,4,0,0,0,0,0,0,0,0,0,NA,NA,FALSE,FALSE,FALSE
"12L12D_LL","AT1G26900",3,4,0,0,0,0,0,0,0,0,0,NA,NA,FALSE,FALSE,FALSE
"12L12D_LL","AT1G28020",3,4,0,0,0,1,0,0,2,0,0,NA,NA,FALSE,FALSE,FALSE
"12L12D_LL","AT1G28690",3,4,0,0,0,0,0,0,0,1,0,NA,NA,FALSE,FALSE,FALSE
"12L12D_LL","AT1G29710",3,4,0,0,0,0,0,0,1,0,0,NA,NA,FALSE,FALSE,FALSE
"12L12D_LL","AT1G30290",3,4,0,0,0,1,0,0,1,0,0,NA,NA,FALSE,FALSE,FALSE
"12L12D_LL","AT1G30610",3,4,0,0,0,0,0,0,0,0,0,NA,NA,FALSE,FALSE,FALSE
"12L12D_LL","AT1G31430",3,4,1,1,1,2,1,0,2,1,0,11,11,FALSE,FALSE,FALSE
"12L12D_LL","AT1G31790",3,4,1,1,1,1,0,1,2,1,1,13.9913397921739,13.9913397921739,FALSE,FALSE,FALSE
"12L12D_LL","AT1G31840",3,4,1,1,1,1,2,0,1,2,0,22,22,FALSE,FALSE,FALSE
"12L12D_LL","AT1G32415",3,4,1,1,1,1,1,0,1,1,0,13,13,FALSE,FALSE,FALSE
"12L12D_LL","AT1G33350",3,4,0,0,0,0,0,0,1,0,0,NA,NA,FALSE,FALSE,FALSE
"12L12D_LL","AT1G34160",3,4,1,2,1,1,3,0,2,3,0,12,12,FALSE,FALSE,FALSE
"12L12D_LL","AT1G43010",3,4,0,0,0,0,0,0,1,0,0,NA,NA,FALSE,FALSE,FALSE
"12L12D_LL","AT1G43980",3,4,0,0,0,1,0,0,2,0,0,NA,NA,FALSE,FALSE,FALSE
"12L12D_LL","AT1G47580",3,4,0,0,0,0,0,0,0,0,0,NA,NA,FALSE,FALSE,FALSE
"12L12D_LL","AT1G50270",3,4,0,0,0,0,0,0,0,0,0,NA,NA,FALSE,FALSE,FALSE
"12L12D_LL","AT1G51965",3,4,0,0,0,1,0,0,1,0,0,NA,NA,FALSE,FALSE,FALSE
"12L12D_LL","AT1G52620",3,4,1,1,1,1,1,0,1,1,0,17,17,FALSE,FALSE,FALSE
"12L12D_LL","AT1G52640",3,4,0,0,0,1,0,0,1,0,0,NA,NA,FALSE,FALSE,FALSE
"12L12D_LL","AT1G53330",3,4,0,0,0,0,0,0,1,0,0,NA,NA,FALSE,FALSE,FALSE
"12L12D_LL","AT1G53600",3,4,0,0,0,0,0,0,0,0,0,NA,NA,FALSE,FALSE,FALSE
"12L12D_LL","AT1G55630",3,4,0,0,0,1,0,0,2,0,0,NA,NA,FALSE,FALSE,FALSE
"12L12D_LL","AT1G55890",3,4,0,0,0,1,0,0,1,0,0,NA,NA,FALSE,FALSE,FALSE
"12L12D_LL","AT1G56570",3,4,1,2,1,2,1,0,2,2,1,11,11,FALSE,FALSE,FALSE
"12L12D_LL","AT1G56690",3,4,0,0,0,1,0,0,1,0,0,NA,NA,FALSE,FALSE,FALSE
"12L12D_LL","AT1G59720",3,4,1,2,1,2,1,1,2,2,1,14.099674876835,14.099674876835,FALSE,FALSE,FALSE
"12L12D_LL","AT1G60770",3,4,0,2,0,2,0,0,2,2,0,16,NA,FALSE,FALSE,FALSE
"12L12D_LL","AT1G61870",3,4,0,1,0,1,0,0,1,1,0,12,NA,FALSE,FALSE,FALSE
"12L12D_LL","AT1G62260",3,4,1,1,1,1,1,0,1,1,0,14,14,FALSE,FALSE,FALSE
"12L12D_LL","AT1G62350",3,4,0,0,0,1,0,0,1,0,0,NA,NA,FALSE,FALSE,FALSE
"12L12D_LL","AT1G62590",3,4,0,0,0,0,0,0,0,0,0,NA,NA,FALSE,FALSE,FALSE
"12L12D_LL","AT1G62670",3,4,0,0,0,1,0,0,1,0,0,NA,NA,FALSE,FALSE,FALSE
"12L12D_LL","AT1G62680",3,4,0,0,0,0,0,0,0,0,0,NA,NA,FALSE,FALSE,FALSE
"12L12D_LL","AT1G62720",3,4,0,0,0,1,0,0,1,0,0,NA,NA,FALSE,FALSE,FALSE
"12L12D_LL","AT1G62910",3,4,0,0,0,0,0,0,0,0,0,NA,NA,FALSE,FALSE,FALSE
"12L12D_LL","AT1G62930",3,4,0,0,0,0,0,0,0,0,0,NA,NA,FALSE,FALSE,FALSE
"12L12D_LL","AT1G63070",3,4,0,0,0,0,1,0,0,1,0,NA,NA,FALSE,FALSE,FALSE
"12L12D_LL","AT1G63080",3,4,0,0,0,0,0,0,0,0,0,NA,NA,FALSE,FALSE,FALSE
"12L12D_LL","AT1G63130",3,4,0,0,0,0,0,0,0,0,0,NA,NA,FALSE,FALSE,FALSE
"12L12D_LL","AT1G63150",3,4,0,0,0,0,0,0,0,0,0,NA,NA,FALSE,FALSE,FALSE
"12L12D_LL","AT1G63320",3,4,0,0,0,0,0,0,0,0,0,NA,NA,FALSE,FALSE,FALSE
"12L12D_LL","AT1G63330",3,4,0,0,0,0,0,0,0,0,0,NA,NA,FALSE,FALSE,FALSE
"12L12D_LL","AT1G63400",3,4,0,0,0,0,1,0,0,2,0,NA,NA,FALSE,FALSE,FALSE
"12L12D_LL","AT1G64100",3,4,0,0,0,0,0,0,0,0,0,NA,NA,FALSE,FALSE,FALSE
"12L12D_LL","AT1G64310",3,4,0,0,0,0,0,0,0,0,0,NA,NA,FALSE,FALSE,FALSE
"12L12D_LL","AT1G64430",3,4,1,1,1,2,1,0,3,1,1,22,22,FALSE,FALSE,FALSE
"12L12D_LL","AT1G64580",3,4,0,0,0,0,0,0,0,0,0,NA,NA,FALSE,FALSE,FALSE
"12L12D_LL","AT1G66345",3,4,0,0,0,0,0,0,0,0,0,NA,NA,FALSE,FALSE,FALSE
"12L12D_LL","AT1G68930",3,4,1,1,1,2,1,0,2,1,0,20,20,FALSE,FALSE,FALSE
"12L12D_LL","AT1G68980",3,4,1,1,1,1,1,0,1,1,1,12,12,FALSE,FALSE,FALSE
"12L12D_LL","AT1G69290",3,4,0,0,0,0,0,0,0,0,0,NA,NA,FALSE,FALSE,FALSE
"12L12D_LL","AT1G69350",3,4,2,2,2,2,2,0,2,2,1,15.5,15.5,FALSE,FALSE,FALSE
"12L12D_LL","AT1G71060",3,4,1,2,1,2,1,1,2,3,1,13.6463079318212,13.6463079318212,FALSE,FALSE,FALSE
"12L12D_LL","AT1G71210",3,4,0,0,0,1,0,0,1,0,0,NA,NA,FALSE,FALSE,FALSE
"12L12D_LL","AT1G71420",3,4,0,0,0,1,0,0,2,0,0,NA,NA,FALSE,FALSE,FALSE
"12L12D_LL","AT1G71460",3,4,1,2,1,2,1,0,2,2,0,17,17,FALSE,FALSE,FALSE
"12L12D_LL","AT1G71490",3,4,0,0,0,0,0,0,0,0,0,NA,NA,FALSE,FALSE,FALSE
"12L12D_LL","AT1G73400",3,4,0,0,0,0,0,0,1,0,0,NA,NA,FALSE,FALSE,FALSE
"12L12D_LL","AT1G73710",3,4,0,0,0,0,0,0,1,0,0,NA,NA,FALSE,FALSE,FALSE
"12L12D_LL","AT1G74400",3,4,0,0,0,0,0,0,0,0,0,NA,NA,FALSE,FALSE,FALSE
"12L12D_LL","AT1G74580",3,4,0,0,0,0,0,0,2,1,0,NA,NA,FALSE,FALSE,FALSE
"12L12D_LL","AT1G74600",3,4,0,2,0,0,1,0,2,4,0,16,NA,FALSE,FALSE,FALSE
"12L12D_LL","AT1G74630",3,4,0,0,0,0,0,0,0,0,0,NA,NA,FALSE,FALSE,FALSE
"12L12D_LL","AT1G74750",3,4,0,2,0,1,0,0,3,2,0,18.5,NA,FALSE,FALSE,FALSE
"12L12D_LL","AT1G74850",3,4,1,2,1,4,1,0,4,2,0,18,18,FALSE,FALSE,FALSE
"12L12D_LL","AT1G74900",3,4,0,0,0,0,0,0,0,0,0,NA,NA,FALSE,FALSE,FALSE
"12L12D_LL","AT1G76280",3,4,0,1,0,1,0,0,1,1,0,18,NA,FALSE,FALSE,FALSE
"12L12D_LL","AT1G77010",3,4,1,2,1,3,1,0,3,2,0,22,22,FALSE,FALSE,FALSE
"12L12D_LL","AT1G77170",3,4,0,0,0,1,0,0,2,0,0,NA,NA,FALSE,FALSE,FALSE
"12L12D_LL","AT1G77340",3,4,1,1,1,1,1,0,1,1,0,22,22,FALSE,FALSE,FALSE
"12L12D_LL","AT1G77360",3,4,0,0,0,0,0,0,1,0,0,NA,NA,FALSE,FALSE,FALSE
"12L12D_LL","AT1G77405",3,4,0,0,0,1,0,0,1,0,0,NA,NA,FALSE,FALSE,FALSE
"12L12D_LL","AT1G79080",3,4,1,2,1,2,1,0,2,2,0,12,12,FALSE,FALSE,FALSE
"12L12D_LL","AT1G79490",3,4,1,1,1,1,1,0,1,1,1,13,13,FALSE,FALSE,FALSE
"12L12D_LL","AT1G79540",3,4,1,1,1,1,1,0,1,1,0,14,14,FALSE,FALSE,FALSE
"12L12D_LL","AT1G80150",3,4,0,0,0,0,0,0,1,0,0,NA,NA,FALSE,FALSE,FALSE
"12L12D_LL","AT1G80550",3,4,0,0,0,0,0,0,0,0,0,NA,NA,FALSE,FALSE,FALSE
"12L12D_LL","AT1G80880",3,4,1,1,1,1,1,1,1,1,1,13.6303859288064,13.6303859288064,FALSE,FALSE,FALSE
"12L12D_LL","AT2G01360",3,4,0,0,0,0,0,0,0,0,0,NA,NA,FALSE,FALSE,FALSE
"12L12D_LL","AT2G01390",3,4,0,0,0,1,0,0,1,0,0,NA,NA,FALSE,FALSE,FALSE
"12L12D_LL","AT2G01510",3,4,1,2,1,1,2,0,2,2,0,19,19,FALSE,FALSE,FALSE
"12L12D_LL","AT2G01740",3,4,0,1,0,0,1,0,1,1,0,7,NA,FALSE,FALSE,FALSE
"12L12D_LL","AT2G01860",3,4,1,2,1,3,1,0,3,2,1,5,5,FALSE,FALSE,FALSE
"12L12D_LL","AT2G02150",3,4,0,0,0,0,0,0,1,0,0,NA,NA,FALSE,FALSE,FALSE
"12L12D_LL","AT2G02750",3,4,1,1,1,2,1,0,2,1,0,18,18,FALSE,FALSE,FALSE
"12L12D_LL","AT2G02980",3,4,1,1,1,1,1,1,1,1,1,13.0400120384088,13.0400120384088,FALSE,FALSE,FALSE
"12L12D_LL","AT2G03380",3,4,0,0,0,1,0,0,1,0,0,NA,NA,FALSE,FALSE,FALSE
"12L12D_LL","AT2G03880",3,4,0,1,0,0,0,0,1,1,0,15,NA,FALSE,FALSE,FALSE
"12L12D_LL","AT2G04860",3,4,0,0,0,0,0,0,0,0,0,NA,NA,FALSE,FALSE,FALSE
"12L12D_LL","AT2G06000",3,4,0,1,0,1,0,0,1,1,0,15,NA,FALSE,FALSE,FALSE
"12L12D_LL","AT2G13420",3,4,0,0,0,0,0,0,0,0,0,NA,NA,FALSE,FALSE,FALSE
"12L12D_LL","AT2G13600",3,4,0,2,0,0,1,0,2,2,1,8.80113771071395,NA,FALSE,FALSE,FALSE
"12L12D_LL","AT2G15630",3,4,0,0,0,0,0,0,0,0,0,NA,NA,FALSE,FALSE,FALSE
"12L12D_LL","AT2G15690",3,4,1,1,1,3,1,0,3,1,0,19,19,FALSE,FALSE,FALSE
"12L12D_LL","AT2G15820",3,4,0,1,0,2,0,0,2,2,0,19,NA,FALSE,FALSE,FALSE
"12L12D_LL","AT2G15980",3,4,0,0,0,0,0,0,0,0,0,NA,NA,FALSE,FALSE,FALSE
"12L12D_LL","AT2G16650",3,4,0,0,0,0,0,0,0,0,0,NA,NA,FALSE,FALSE,FALSE
"12L12D_LL","AT2G16880",3,4,0,0,0,0,0,0,0,0,0,NA,NA,FALSE,FALSE,FALSE
"12L12D_LL","AT2G17033",3,4,1,1,1,1,1,0,2,1,0,11,11,FALSE,FALSE,FALSE
"12L12D_LL","AT2G17140",3,4,1,1,1,1,2,1,1,2,1,12.625759350543,12.625759350543,FALSE,FALSE,FALSE
"12L12D_LL","AT2G17210",3,4,0,0,0,0,0,0,0,0,0,NA,NA,FALSE,FALSE,FALSE
"12L12D_LL","AT2G17525",3,4,0,0,0,0,0,0,0,0,0,NA,NA,FALSE,FALSE,FALSE
"12L12D_LL","AT2G17670",3,4,1,1,1,1,1,0,2,1,1,15,15,FALSE,FALSE,FALSE
"12L12D_LL","AT2G18520",3,4,0,1,0,1,0,0,2,1,0,12,NA,FALSE,FALSE,FALSE
"12L12D_LL","AT2G19280",3,4,0,0,0,0,0,0,1,0,0,NA,NA,FALSE,FALSE,FALSE
"12L12D_LL","AT2G20540",3,4,0,1,0,1,0,0,2,1,0,12,NA,FALSE,FALSE,FALSE
"12L12D_LL","AT2G20710",3,4,0,0,0,1,0,0,1,0,0,NA,NA,FALSE,FALSE,FALSE
"12L12D_LL","AT2G21090",3,4,0,0,0,1,0,0,1,0,0,NA,NA,FALSE,FALSE,FALSE
"12L12D_LL","AT2G22070",3,4,0,0,0,0,0,0,0,0,0,NA,NA,FALSE,FALSE,FALSE
"12L12D_LL","AT2G22410",3,4,0,1,0,1,0,0,2,1,0,12,NA,FALSE,FALSE,FALSE
"12L12D_LL","AT2G25580",3,4,0,0,0,1,0,0,2,0,0,NA,NA,FALSE,FALSE,FALSE
"12L12D_LL","AT2G26790",3,4,0,0,0,0,0,0,0,0,0,NA,NA,FALSE,FALSE,FALSE
"12L12D_LL","AT2G27610",3,4,1,2,1,2,2,0,3,2,0,18,18,FALSE,FALSE,FALSE
"12L12D_LL","AT2G27800",3,4,0,0,0,1,0,0,1,0,0,NA,NA,FALSE,FALSE,FALSE
"12L12D_LL","AT2G28050",3,4,0,0,0,0,0,0,1,0,0,NA,NA,FALSE,FALSE,FALSE
"12L12D_LL","AT2G30100",3,4,2,2,2,2,2,1,2,2,1,1.19458433898691,1.19458433898691,FALSE,FALSE,FALSE
"12L12D_LL","AT2G30780",3,4,0,0,0,0,0,0,0,0,0,NA,NA,FALSE,FALSE,FALSE
"12L12D_LL","AT2G31400",3,4,0,0,0,0,0,0,2,0,0,NA,NA,FALSE,FALSE,FALSE
"12L12D_LL","AT2G32230",3,4,0,1,0,0,1,0,2,1,0,14,NA,FALSE,FALSE,FALSE
"12L12D_LL","AT2G32630",3,4,0,1,0,1,0,0,1,1,0,12,NA,FALSE,FALSE,FALSE
"12L12D_LL","AT2G33680",3,4,0,0,0,2,0,0,2,0,0,NA,NA,FALSE,FALSE,FALSE
"12L12D_LL","AT2G33760",3,4,0,0,0,0,0,0,0,0,0,NA,NA,FALSE,FALSE,FALSE
"12L12D_LL","AT2G34370",3,4,0,0,0,0,0,0,0,0,0,NA,NA,FALSE,FALSE,FALSE
"12L12D_LL","AT2G34400",3,4,1,2,1,1,2,0,2,2,0,12,12,FALSE,FALSE,FALSE
"12L12D_LL","AT2G35030",3,4,0,1,0,1,0,0,1,1,0,12,NA,FALSE,FALSE,FALSE
"12L12D_LL","AT2G35130",3,4,2,2,2,2,2,0,2,2,1,20.5,20.5,FALSE,FALSE,FALSE
"12L12D_LL","AT2G36240",3,4,2,2,2,3,2,0,3,2,0,13,13,FALSE,FALSE,FALSE
"12L12D_LL","AT2G36730",3,4,0,1,0,3,0,0,3,1,0,18,NA,FALSE,FALSE,FALSE
"12L12D_LL","AT2G36980",3,4,0,0,0,1,0,0,1,1,0,NA,NA,FALSE,FALSE,FALSE
"12L12D_LL","AT2G37230",3,4,0,0,0,1,0,0,1,0,0,NA,NA,FALSE,FALSE,FALSE
"12L12D_LL","AT2G37310",3,4,1,2,1,3,1,1,3,2,1,11.6670377977377,11.6670377977377,FALSE,FALSE,FALSE
"12L12D_LL","AT2G37320",3,4,1,1,1,1,1,0,1,1,0,12,12,FALSE,FALSE,FALSE
"12L12D_LL","AT2G38420",3,4,1,1,1,2,1,0,2,1,0,8,8,FALSE,FALSE,FALSE
"12L12D_LL","AT2G39230",3,4,0,0,0,0,0,0,0,0,0,NA,NA,FALSE,FALSE,FALSE
"12L12D_LL","AT2G39620",3,4,0,0,0,0,0,0,0,0,0,NA,NA,FALSE,FALSE,FALSE
"12L12D_LL","AT2G40240",3,4,1,1,1,1,1,0,1,1,0,14,14,FALSE,FALSE,FALSE
"12L12D_LL","AT2G40720",3,4,0,1,0,0,0,0,1,1,0,0.999999999999999,NA,FALSE,FALSE,FALSE
"12L12D_LL","AT2G41080",3,4,1,1,1,1,1,0,1,1,0,12,12,FALSE,FALSE,FALSE
"12L12D_LL","AT2G41720",3,4,2,2,2,3,2,0,3,2,0,19.5,19.5,FALSE,FALSE,FALSE
"12L12D_LL","AT2G42920",3,4,0,1,0,0,0,0,1,1,0,17,NA,FALSE,FALSE,FALSE
"12L12D_LL","AT2G44880",3,4,0,0,0,0,0,0,0,0,0,NA,NA,FALSE,FALSE,FALSE
"12L12D_LL","AT2G45350",3,4,1,2,1,2,1,0,2,2,1,22,22,FALSE,FALSE,FALSE
"12L12D_LL","AT2G46050",3,4,0,0,0,0,0,0,0,1,0,NA,NA,FALSE,FALSE,FALSE
"12L12D_LL","AT2G48000",3,4,0,0,0,0,0,0,0,0,0,NA,NA,FALSE,FALSE,FALSE
"12L12D_LL","AT3G01580",3,4,0,0,0,0,0,0,0,0,0,NA,NA,FALSE,FALSE,FALSE
"12L12D_LL","AT3G02010",3,4,0,0,0,0,0,0,0,0,0,NA,NA,FALSE,FALSE,FALSE
"12L12D_LL","AT3G02330",3,4,2,2,2,2,2,0,2,2,1,18,18,FALSE,FALSE,FALSE
"12L12D_LL","AT3G02490",3,4,0,1,0,1,1,0,1,2,1,15,NA,FALSE,FALSE,FALSE
"12L12D_LL","AT3G02650",3,4,0,0,0,1,0,0,1,1,0,NA,NA,FALSE,FALSE,FALSE
"12L12D_LL","AT3G03580",3,4,0,0,0,1,0,0,2,0,0,NA,NA,FALSE,FALSE,FALSE
"12L12D_LL","AT3G04130",3,4,0,0,0,0,0,0,0,0,0,NA,NA,FALSE,FALSE,FALSE
"12L12D_LL","AT3G04750",3,4,0,1,0,1,0,0,1,1,0,11,NA,FALSE,FALSE,FALSE
"12L12D_LL","AT3G04760",3,4,0,1,0,1,0,0,2,2,0,12,NA,FALSE,FALSE,FALSE
"12L12D_LL","AT3G05240",3,4,0,0,0,0,0,0,0,0,0,NA,NA,FALSE,FALSE,FALSE
"12L12D_LL","AT3G05340",3,4,1,2,1,1,2,2,2,2,2,0.057599473934532,0.057599473934532,FALSE,FALSE,FALSE
"12L12D_LL","AT3G06430",3,4,1,1,1,1,1,0,1,1,1,14,14,FALSE,FALSE,FALSE
"12L12D_LL","AT3G06920",3,4,0,0,0,0,0,0,0,0,0,NA,NA,FALSE,FALSE,FALSE
"12L12D_LL","AT3G07290",3,4,0,0,0,1,0,0,1,0,0,NA,NA,FALSE,FALSE,FALSE
"12L12D_LL","AT3G08820",3,4,0,1,0,0,1,1,1,1,1,9.17202295121816,NA,FALSE,FALSE,FALSE
"12L12D_LL","AT3G09040",3,4,0,0,0,1,0,0,1,0,0,NA,NA,FALSE,FALSE,FALSE
"12L12D_LL","AT3G09060",3,4,0,0,0,0,1,0,0,1,0,NA,NA,FALSE,FALSE,FALSE
"12L12D_LL","AT3G09650",3,4,2,2,2,3,2,0,3,2,0,19,19,FALSE,FALSE,FALSE
"12L12D_LL","AT3G11460",3,4,0,1,0,1,1,0,2,1,0,14,NA,FALSE,FALSE,FALSE
"12L12D_LL","AT3G12770",3,4,0,1,0,1,0,0,2,1,0,12,NA,FALSE,FALSE,FALSE
"12L12D_LL","AT3G13150",3,4,1,1,1,2,1,0,2,1,0,17,17,FALSE,FALSE,FALSE
"12L12D_LL","AT3G13160",3,4,1,1,1,2,1,0,2,1,1,12,12,FALSE,FALSE,FALSE
"12L12D_LL","AT3G13770",3,4,0,1,0,1,0,0,1,1,0,18,NA,FALSE,FALSE,FALSE
"12L12D_LL","AT3G13880",3,4,0,0,0,1,0,0,1,0,0,NA,NA,FALSE,FALSE,FALSE
"12L12D_LL","AT3G14330",3,4,2,2,2,2,2,0,2,2,0,13.5,13.5,FALSE,FALSE,FALSE
"12L12D_LL","AT3G14580",3,4,0,0,0,1,0,0,1,0,0,NA,NA,FALSE,FALSE,FALSE
"12L12D_LL","AT3G14730",3,4,2,2,2,2,2,1,2,3,1,15.407221113839,15.407221113839,FALSE,FALSE,FALSE
"12L12D_LL","AT3G15130",3,4,0,0,0,0,0,0,0,0,0,NA,NA,FALSE,FALSE,FALSE
"12L12D_LL","AT3G15200",3,4,0,0,0,0,1,0,0,1,0,NA,NA,FALSE,FALSE,FALSE
"12L12D_LL","AT3G15590",3,4,1,1,1,2,1,0,2,1,0,19,19,FALSE,FALSE,FALSE
"12L12D_LL","AT3G15930",3,4,0,0,0,0,0,0,0,0,0,NA,NA,FALSE,FALSE,FALSE
"12L12D_LL","AT3G16010",3,4,0,0,0,0,0,0,0,0,0,NA,NA,FALSE,FALSE,FALSE
"12L12D_LL","AT3G16610",3,4,0,2,0,0,1,0,2,2,0,17,NA,FALSE,FALSE,FALSE
"12L12D_LL","AT3G16710",3,4,0,0,0,1,0,0,1,0,0,NA,NA,FALSE,FALSE,FALSE
"12L12D_LL","AT3G16890",3,4,0,0,0,1,0,0,1,0,0,NA,NA,FALSE,FALSE,FALSE
"12L12D_LL","AT3G18020",3,4,0,0,0,0,0,0,1,0,0,NA,NA,FALSE,FALSE,FALSE
"12L12D_LL","AT3G18840",3,4,0,0,0,0,0,0,0,0,0,NA,NA,FALSE,FALSE,FALSE
"12L12D_LL","AT3G20730",3,4,2,2,2,2,3,0,2,3,1,16.5,16.5,FALSE,FALSE,FALSE
"12L12D_LL","AT3G21470",3,4,0,0,0,0,0,0,1,0,0,NA,NA,FALSE,FALSE,FALSE
"12L12D_LL","AT3G22150",3,4,0,1,0,2,0,0,2,1,0,14,NA,FALSE,FALSE,FALSE
"12L12D_LL","AT3G22470",3,4,0,0,0,0,0,0,0,0,0,NA,NA,FALSE,FALSE,FALSE
"12L12D_LL","AT3G22670",3,4,0,0,0,0,0,0,0,1,0,NA,NA,FALSE,FALSE,FALSE
"12L12D_LL","AT3G22690",3,4,0,0,0,0,1,0,0,1,0,NA,NA,FALSE,FALSE,FALSE
"12L12D_LL","AT3G23020",3,4,1,2,1,2,1,0,2,2,0,17,17,FALSE,FALSE,FALSE
"12L12D_LL","AT3G23330",3,4,0,0,0,1,0,0,2,0,0,NA,NA,FALSE,FALSE,FALSE
"12L12D_LL","AT3G24000",3,4,1,1,1,1,1,0,1,1,1,14,14,FALSE,FALSE,FALSE
"12L12D_LL","AT3G25060",3,4,0,1,0,0,0,0,2,1,0,17,NA,FALSE,FALSE,FALSE
"12L12D_LL","AT3G25210",3,4,0,1,0,1,1,0,2,1,0,14,NA,FALSE,FALSE,FALSE
"12L12D_LL","AT3G25970",3,4,1,1,1,1,0,1,1,1,1,16.9333480169212,16.9333480169212,FALSE,FALSE,FALSE
"12L12D_LL","AT3G26540",3,4,0,0,0,0,0,0,0,0,0,NA,NA,FALSE,FALSE,FALSE
"12L12D_LL","AT3G26630",3,4,1,2,1,1,1,0,3,2,1,18,18,FALSE,FALSE,FALSE
"12L12D_LL","AT3G26782",3,4,1,1,1,1,1,0,1,1,0,12,12,FALSE,FALSE,FALSE
"12L12D_LL","AT3G27750",3,4,1,1,1,1,1,0,2,1,0,23,23,FALSE,FALSE,FALSE
"12L12D_LL","AT3G28640",3,4,1,1,1,1,1,0,2,1,0,13,13,FALSE,FALSE,FALSE
"12L12D_LL","AT3G28660",3,4,0,0,0,0,0,0,0,0,0,NA,NA,FALSE,FALSE,FALSE
"12L12D_LL","AT3G29230",3,4,0,1,0,3,0,0,3,1,1,13.3583523195776,NA,FALSE,FALSE,FALSE
"12L12D_LL","AT3G29290",3,4,1,1,1,1,1,0,1,1,0,17,17,FALSE,FALSE,FALSE
"12L12D_LL","AT3G42630",3,4,1,2,1,2,1,0,2,2,1,11,11,FALSE,FALSE,FALSE
"12L12D_LL","AT3G46610",3,4,1,2,1,2,1,0,2,2,0,15,15,FALSE,FALSE,FALSE
"12L12D_LL","AT3G46790",3,4,1,1,1,1,1,0,1,2,0,15,15,FALSE,FALSE,FALSE
"12L12D_LL","AT3G46870",3,4,1,1,1,1,1,0,1,2,0,18,18,FALSE,FALSE,FALSE
"12L12D_LL","AT3G47530",3,4,1,2,1,2,1,0,2,1,1,17,17,FALSE,FALSE,FALSE
"12L12D_LL","AT3G47840",3,4,1,1,1,1,1,0,2,1,0,14,14,FALSE,FALSE,FALSE
"12L12D_LL","AT3G48250",3,4,2,2,2,2,2,0,2,2,1,16,16,FALSE,FALSE,FALSE
"12L12D_LL","AT3G48810",3,4,0,0,0,0,0,0,0,0,0,NA,NA,FALSE,FALSE,FALSE
"12L12D_LL","AT3G49140",3,4,0,0,0,0,0,0,0,0,0,NA,NA,FALSE,FALSE,FALSE
"12L12D_LL","AT3G49170",3,4,2,2,2,2,2,0,2,2,1,15,15,FALSE,FALSE,FALSE
"12L12D_LL","AT3G49240",3,4,1,2,1,2,1,0,2,2,0,18,18,FALSE,FALSE,FALSE
"12L12D_LL","AT3G49710",3,4,1,1,1,2,1,0,2,1,0,12,12,FALSE,FALSE,FALSE
"12L12D_LL","AT3G49730",3,4,0,0,0,0,0,0,0,1,0,NA,NA,FALSE,FALSE,FALSE
"12L12D_LL","AT3G49740",3,4,1,1,1,1,1,0,1,1,1,14,14,FALSE,FALSE,FALSE
"12L12D_LL","AT3G50420",3,4,0,0,0,1,0,0,1,0,0,NA,NA,FALSE,FALSE,FALSE
"12L12D_LL","AT3G51320",3,4,0,0,0,0,0,0,1,0,0,NA,NA,FALSE,FALSE,FALSE
"12L12D_LL","AT3G53170",3,4,0,0,0,1,0,0,2,1,0,NA,NA,FALSE,FALSE,FALSE
"12L12D_LL","AT3G53360",3,4,0,0,0,0,0,0,0,1,0,NA,NA,FALSE,FALSE,FALSE
"12L12D_LL","AT3G54980",3,4,0,2,0,2,0,0,3,2,0,16,NA,FALSE,FALSE,FALSE
"12L12D_LL","AT3G56030",3,4,0,0,0,0,0,0,0,0,0,NA,NA,FALSE,FALSE,FALSE
"12L12D_LL","AT3G56550",3,4,1,1,1,1,1,0,1,2,0,16,16,FALSE,FALSE,FALSE
"12L12D_LL","AT3G58590",3,4,1,2,1,1,1,0,2,3,1,13,13,FALSE,FALSE,FALSE
"12L12D_LL","AT3G59040",3,4,1,1,1,1,1,0,1,1,0,12,12,FALSE,FALSE,FALSE
"12L12D_LL","AT3G60050",3,4,0,0,0,0,0,0,0,0,0,NA,NA,FALSE,FALSE,FALSE
"12L12D_LL","AT3G60960",3,4,0,0,0,1,0,0,1,0,0,NA,NA,FALSE,FALSE,FALSE
"12L12D_LL","AT3G60980",3,4,0,1,0,2,1,0,3,1,0,7,NA,FALSE,FALSE,FALSE
"12L12D_LL","AT3G61170",3,4,0,0,0,0,0,0,0,1,0,NA,NA,FALSE,FALSE,FALSE
"12L12D_LL","AT3G61360",3,4,0,0,0,0,0,0,0,0,0,NA,NA,FALSE,FALSE,FALSE
"12L12D_LL","AT3G61520",3,4,0,0,0,0,0,0,0,0,0,NA,NA,FALSE,FALSE,FALSE
"12L12D_LL","AT3G62470",3,4,0,0,0,0,0,0,0,0,0,NA,NA,FALSE,FALSE,FALSE
"12L12D_LL","AT3G62540",3,4,0,0,0,0,0,0,0,0,0,NA,NA,FALSE,FALSE,FALSE
"12L12D_LL","AT3G62890",3,4,0,1,0,1,0,0,1,1,0,12,NA,FALSE,FALSE,FALSE
"12L12D_LL","AT3G63370",3,4,0,0,0,1,0,0,2,0,0,NA,NA,FALSE,FALSE,FALSE
"12L12D_LL","AT4G01030",3,4,0,1,0,1,0,0,1,1,0,14,NA,FALSE,FALSE,FALSE
"12L12D_LL","AT4G01400",3,4,0,0,0,0,1,0,1,1,0,NA,NA,FALSE,FALSE,FALSE
"12L12D_LL","AT4G01570",3,4,1,1,1,1,1,0,1,1,0,14,14,FALSE,FALSE,FALSE
"12L12D_LL","AT4G01990",3,4,0,0,0,0,0,0,0,0,0,NA,NA,FALSE,FALSE,FALSE
"12L12D_LL","AT4G02750",3,4,0,1,0,1,1,0,1,1,1,12.3801415646337,NA,FALSE,FALSE,FALSE
"12L12D_LL","AT4G02820",3,4,0,0,0,0,0,0,0,0,0,NA,NA,FALSE,FALSE,FALSE
"12L12D_LL","AT4G04370",3,4,0,0,0,1,0,0,1,0,0,NA,NA,FALSE,FALSE,FALSE
"12L12D_LL","AT4G04790",3,4,0,0,0,0,0,0,0,0,0,NA,NA,FALSE,FALSE,FALSE
"12L12D_LL","AT4G08210",3,4,0,0,0,0,0,0,0,0,0,NA,NA,FALSE,FALSE,FALSE
"12L12D_LL","AT4G11690",3,4,0,1,0,1,0,0,1,1,0,14,NA,FALSE,FALSE,FALSE
"12L12D_LL","AT4G13650",3,4,0,0,0,0,0,0,1,0,0,NA,NA,FALSE,FALSE,FALSE
"12L12D_LL","AT4G14050",3,4,0,1,0,0,1,0,1,1,0,12,NA,FALSE,FALSE,FALSE
"12L12D_LL","AT4G14170",3,4,1,1,1,1,1,0,1,1,0,14,14,FALSE,FALSE,FALSE
"12L12D_LL","AT4G14190",3,4,0,0,0,0,0,0,0,0,0,NA,NA,FALSE,FALSE,FALSE
"12L12D_LL","AT4G14820",3,4,0,0,0,1,0,0,2,0,0,NA,NA,FALSE,FALSE,FALSE
"12L12D_LL","AT4G14850",3,4,1,1,1,1,1,0,1,1,0,12,12,FALSE,FALSE,FALSE
"12L12D_LL","AT4G15720",3,4,0,0,0,0,0,0,0,0,0,NA,NA,FALSE,FALSE,FALSE
"12L12D_LL","AT4G16470",3,4,0,0,0,1,0,0,1,0,0,NA,NA,FALSE,FALSE,FALSE
"12L12D_LL","AT4G16835",3,4,0,0,0,0,0,0,0,0,0,NA,NA,FALSE,FALSE,FALSE
"12L12D_LL","AT4G17616",3,4,1,1,1,1,1,1,1,1,1,12.9217469106846,12.9217469106846,FALSE,FALSE,FALSE
"12L12D_LL","AT4G17910",3,4,1,1,1,1,1,0,1,1,1,21,21,FALSE,FALSE,FALSE
"12L12D_LL","AT4G18750",3,4,0,0,0,2,0,0,2,0,0,NA,NA,FALSE,FALSE,FALSE
"12L12D_LL","AT4G18840",3,4,1,1,1,1,1,0,1,1,0,11,11,FALSE,FALSE,FALSE
"12L12D_LL","AT4G18975",3,4,1,1,1,1,1,0,1,1,1,11,11,FALSE,FALSE,FALSE
"12L12D_LL","AT4G19191",3,4,0,0,0,0,0,0,0,0,0,NA,NA,FALSE,FALSE,FALSE
"12L12D_LL","AT4G19220",3,4,0,0,0,0,0,0,0,0,0,NA,NA,FALSE,FALSE,FALSE
"12L12D_LL","AT4G19440",3,4,1,1,1,1,1,1,1,1,1,12.1012614459117,12.1012614459117,FALSE,FALSE,FALSE
"12L12D_LL","AT4G19900",3,4,0,0,0,0,0,0,0,0,0,NA,NA,FALSE,FALSE,FALSE
"12L12D_LL","AT4G20090",3,4,0,0,0,1,0,0,1,0,0,NA,NA,FALSE,FALSE,FALSE
"12L12D_LL","AT4G20740",3,4,1,1,1,1,1,0,1,1,0,21,21,FALSE,FALSE,FALSE
"12L12D_LL","AT4G20770",3,4,0,0,0,0,0,0,0,0,0,NA,NA,FALSE,FALSE,FALSE
"12L12D_LL","AT4G21065",3,4,0,1,0,1,0,0,1,1,0,11,NA,FALSE,FALSE,FALSE
"12L12D_LL","AT4G21170",3,4,0,0,0,1,0,0,1,0,0,NA,NA,FALSE,FALSE,FALSE
"12L12D_LL","AT4G21190",3,4,0,0,0,0,0,0,0,0,0,NA,NA,FALSE,FALSE,FALSE
"12L12D_LL","AT4G21300",3,4,0,0,0,0,0,0,0,0,0,NA,NA,FALSE,FALSE,FALSE
"12L12D_LL","AT4G21705",3,4,0,0,0,1,0,0,1,0,0,NA,NA,FALSE,FALSE,FALSE
"12L12D_LL","AT4G21880",3,4,0,0,0,0,0,0,0,0,0,NA,NA,FALSE,FALSE,FALSE
"12L12D_LL","AT4G21900",3,4,0,0,0,0,0,0,0,0,0,NA,NA,FALSE,FALSE,FALSE
"12L12D_LL","AT4G22760",3,4,0,0,0,1,0,0,1,0,0,NA,NA,FALSE,FALSE,FALSE
"12L12D_LL","AT4G25270",3,4,2,2,2,3,2,0,3,3,0,13.5,13.5,FALSE,FALSE,FALSE
"12L12D_LL","AT4G26680",3,4,0,0,0,0,0,0,0,0,0,NA,NA,FALSE,FALSE,FALSE
"12L12D_LL","AT4G26800",3,4,0,0,0,0,0,0,1,0,0,NA,NA,FALSE,FALSE,FALSE
"12L12D_LL","AT4G28010",3,4,0,1,0,0,1,0,1,1,0,18,NA,FALSE,FALSE,FALSE
"12L12D_LL","AT4G30700",3,4,0,1,0,1,0,0,2,1,0,21,NA,FALSE,FALSE,FALSE
"12L12D_LL","AT4G30825",3,4,1,1,1,1,1,0,1,1,0,15,15,FALSE,FALSE,FALSE
"12L12D_LL","AT4G31070",3,4,0,0,0,1,0,0,1,0,0,NA,NA,FALSE,FALSE,FALSE
"12L12D_LL","AT4G31850",3,4,1,2,1,3,1,0,3,2,0,12,12,FALSE,FALSE,FALSE
"12L12D_LL","AT4G32430",3,4,0,0,0,0,0,0,1,1,0,NA,NA,FALSE,FALSE,FALSE
"12L12D_LL","AT4G32450",3,4,1,1,1,1,1,0,1,1,0,18,18,FALSE,FALSE,FALSE
"12L12D_LL","AT4G33170",3,4,1,1,1,3,1,0,3,1,0,13,13,FALSE,FALSE,FALSE
"12L12D_LL","AT4G33990",3,4,0,1,0,0,0,0,1,1,0,19,NA,FALSE,FALSE,FALSE
"12L12D_LL","AT4G34830",3,4,2,2,2,4,2,1,4,2,1,14.2160281298785,14.2160281298785,FALSE,FALSE,FALSE
"12L12D_LL","AT4G35850",3,4,0,0,0,1,1,1,1,1,1,NA,NA,FALSE,FALSE,FALSE
"12L12D_LL","AT4G36680",3,4,0,0,0,1,0,0,2,0,0,NA,NA,FALSE,FALSE,FALSE
"12L12D_LL","AT4G37170",3,4,0,0,0,0,0,0,0,0,0,NA,NA,FALSE,FALSE,FALSE
"12L12D_LL","AT4G37380",3,4,0,1,0,2,1,0,3,1,0,12,NA,FALSE,FALSE,FALSE
"12L12D_LL","AT4G38010",3,4,0,1,0,1,0,0,2,0,1,16.6848594413632,NA,FALSE,FALSE,FALSE
"12L12D_LL","AT4G38150",3,4,0,1,0,1,0,0,2,1,0,19,NA,FALSE,FALSE,FALSE
"12L12D_LL","AT4G39530",3,4,1,1,1,1,1,0,1,1,0,14,14,FALSE,FALSE,FALSE
"12L12D_LL","AT4G39620",3,4,0,0,0,1,0,0,3,0,0,NA,NA,FALSE,FALSE,FALSE
"12L12D_LL","AT4G39952",3,4,0,0,0,1,0,0,1,0,0,NA,NA,FALSE,FALSE,FALSE
"12L12D_LL","AT5G02830",3,4,1,1,1,1,2,0,1,2,0,21,21,FALSE,FALSE,FALSE
"12L12D_LL","AT5G03560",3,4,1,2,1,2,1,0,2,2,0,3,3,FALSE,FALSE,FALSE
"12L12D_LL","AT5G03800",3,4,0,0,0,1,0,0,2,1,0,NA,NA,FALSE,FALSE,FALSE
"12L12D_LL","AT5G04780",3,4,0,1,0,1,0,0,1,1,0,12,NA,FALSE,FALSE,FALSE
"12L12D_LL","AT5G06540",3,4,0,0,0,1,0,0,1,0,0,NA,NA,FALSE,FALSE,FALSE
"12L12D_LL","AT5G08310",3,4,0,1,0,0,0,0,2,2,0,14,NA,FALSE,FALSE,FALSE
"12L12D_LL","AT5G08490",3,4,0,0,0,0,0,0,0,0,0,NA,NA,FALSE,FALSE,FALSE
"12L12D_LL","AT5G08510",3,4,0,0,0,1,0,0,1,0,0,NA,NA,FALSE,FALSE,FALSE
"12L12D_LL","AT5G09450",3,4,0,1,0,0,0,0,1,2,0,7,NA,FALSE,FALSE,FALSE
"12L12D_LL","AT5G09950",3,4,0,0,0,1,0,0,1,0,0,NA,NA,FALSE,FALSE,FALSE
"12L12D_LL","AT5G10690",3,4,0,0,0,0,0,0,1,0,0,NA,NA,FALSE,FALSE,FALSE
"12L12D_LL","AT5G11310",3,4,0,0,0,1,0,0,1,1,0,NA,NA,FALSE,FALSE,FALSE
"12L12D_LL","AT5G12100",3,4,0,0,0,0,0,0,0,0,0,NA,NA,FALSE,FALSE,FALSE
"12L12D_LL","AT5G13230",3,4,0,1,0,0,0,0,1,1,0,11,NA,FALSE,FALSE,FALSE
"12L12D_LL","AT5G13270",3,4,0,2,0,2,0,0,2,2,1,16.321272889139,NA,FALSE,FALSE,FALSE
"12L12D_LL","AT5G14080",3,4,0,1,0,1,0,0,1,1,0,11,NA,FALSE,FALSE,FALSE
"12L12D_LL","AT5G14770",3,4,0,0,0,0,0,0,0,0,0,NA,NA,FALSE,FALSE,FALSE
"12L12D_LL","AT5G14820",3,4,0,0,0,0,0,0,0,0,0,NA,NA,FALSE,FALSE,FALSE
"12L12D_LL","AT5G15010",3,4,0,0,0,0,0,0,1,0,0,NA,NA,FALSE,FALSE,FALSE
"12L12D_LL","AT5G15280",3,4,0,0,0,0,0,0,1,0,0,NA,NA,FALSE,FALSE,FALSE
"12L12D_LL","AT5G15300",3,4,0,0,0,1,0,0,2,0,0,NA,NA,FALSE,FALSE,FALSE
"12L12D_LL","AT5G15340",3,4,0,0,0,2,0,0,2,0,0,NA,NA,FALSE,FALSE,FALSE
"12L12D_LL","AT5G15980",3,4,0,0,0,0,0,0,0,0,0,NA,NA,FALSE,FALSE,FALSE
"12L12D_LL","AT5G16420",3,4,1,1,1,1,1,0,1,1,0,12,12,FALSE,FALSE,FALSE
"12L12D_LL","AT5G16640",3,4,0,0,0,0,0,0,0,0,0,NA,NA,FALSE,FALSE,FALSE
"12L12D_LL","AT5G16860",3,4,0,0,0,0,0,0,0,0,0,NA,NA,FALSE,FALSE,FALSE
"12L12D_LL","AT5G18390",3,4,0,1,0,0,1,0,1,1,0,12,NA,FALSE,FALSE,FALSE
"12L12D_LL","AT5G18475",3,4,0,0,0,0,0,0,1,0,0,NA,NA,FALSE,FALSE,FALSE
"12L12D_LL","AT5G18950",3,4,0,0,0,0,0,0,0,1,0,NA,NA,FALSE,FALSE,FALSE
"12L12D_LL","AT5G19020",3,4,0,1,0,1,0,0,1,2,0,14,NA,FALSE,FALSE,FALSE
"12L12D_LL","AT5G21222",3,4,0,0,0,0,0,0,0,0,0,NA,NA,FALSE,FALSE,FALSE
"12L12D_LL","AT5G24830",3,4,1,1,1,1,1,0,1,1,0,10,10,FALSE,FALSE,FALSE
"12L12D_LL","AT5G25630",3,4,0,1,0,1,0,0,2,1,0,18,NA,FALSE,FALSE,FALSE
"12L12D_LL","AT5G27110",3,4,0,0,0,1,0,0,1,0,0,NA,NA,FALSE,FALSE,FALSE
"12L12D_LL","AT5G27270",3,4,0,1,0,1,0,0,1,1,0,14,NA,FALSE,FALSE,FALSE
"12L12D_LL","AT5G27460",3,4,0,0,0,0,0,0,0,0,0,NA,NA,FALSE,FALSE,FALSE
"12L12D_LL","AT5G28460",3,4,0,0,0,0,0,0,0,0,0,NA,NA,FALSE,FALSE,FALSE
"12L12D_LL","AT5G36300",3,4,1,1,1,1,1,0,1,1,0,5,5,FALSE,FALSE,FALSE
"12L12D_LL","AT5G37570",3,4,0,0,0,1,0,0,2,0,0,NA,NA,FALSE,FALSE,FALSE
"12L12D_LL","AT5G38730",3,4,0,0,0,0,0,0,0,0,0,NA,NA,FALSE,FALSE,FALSE
"12L12D_LL","AT5G39350",3,4,2,2,2,2,2,1,2,2,1,16.3290515014556,16.3290515014556,FALSE,FALSE,FALSE
"12L12D_LL","AT5G39680",3,4,0,0,0,1,0,0,1,0,0,NA,NA,FALSE,FALSE,FALSE
"12L12D_LL","AT5G39710",3,4,2,2,2,2,2,0,2,2,0,20.5,20.5,FALSE,FALSE,FALSE
"12L12D_LL","AT5G40400",3,4,0,0,0,0,0,0,1,0,0,NA,NA,FALSE,FALSE,FALSE
"12L12D_LL","AT5G40405",3,4,1,1,1,1,1,0,1,1,0,13,13,FALSE,FALSE,FALSE
"12L12D_LL","AT5G40410",3,4,0,0,0,1,0,0,1,0,0,NA,NA,FALSE,FALSE,FALSE
"12L12D_LL","AT5G41170",3,4,0,0,0,0,0,0,0,0,0,NA,NA,FALSE,FALSE,FALSE
"12L12D_LL","AT5G42450",3,4,1,1,1,1,1,0,2,1,0,17,17,FALSE,FALSE,FALSE
"12L12D_LL","AT5G43790",3,4,0,1,0,1,0,0,1,1,0,18,NA,FALSE,FALSE,FALSE
"12L12D_LL","AT5G43820",3,4,0,1,0,1,0,0,1,1,0,18,NA,FALSE,FALSE,FALSE
"12L12D_LL","AT5G44230",3,4,0,0,0,1,0,0,1,0,0,NA,NA,FALSE,FALSE,FALSE
"12L12D_LL","AT5G46100",3,4,0,0,0,0,0,0,0,1,0,NA,NA,FALSE,FALSE,FALSE
"12L12D_LL","AT5G46460",3,4,0,0,0,1,0,0,1,0,0,NA,NA,FALSE,FALSE,FALSE
"12L12D_LL","AT5G46680",3,4,1,2,1,2,1,0,2,2,0,11,11,FALSE,FALSE,FALSE
"12L12D_LL","AT5G47360",3,4,0,0,0,0,0,0,0,0,0,NA,NA,FALSE,FALSE,FALSE
"12L12D_LL","AT5G47460",3,4,2,2,2,2,2,0,2,2,0,15.5,15.5,FALSE,FALSE,FALSE
"12L12D_LL","AT5G48910",3,4,0,1,0,1,0,0,1,1,0,17,NA,FALSE,FALSE,FALSE
"12L12D_LL","AT5G50280",3,4,1,1,1,2,1,0,2,1,1,12,12,FALSE,FALSE,FALSE
"12L12D_LL","AT5G50390",3,4,0,0,0,1,0,0,1,0,0,NA,NA,FALSE,FALSE,FALSE
"12L12D_LL","AT5G50990",3,4,0,0,0,0,1,0,0,1,0,NA,NA,FALSE,FALSE,FALSE
"12L12D_LL","AT5G52630",3,4,0,0,0,0,0,0,0,0,0,NA,NA,FALSE,FALSE,FALSE
"12L12D_LL","AT5G52850",3,4,1,2,1,1,1,0,3,2,0,17,17,FALSE,FALSE,FALSE
"12L12D_LL","AT5G55740",3,4,0,1,0,3,0,0,3,1,1,16.0864998323071,NA,FALSE,FALSE,FALSE
"12L12D_LL","AT5G55840",3,4,1,1,1,1,1,0,1,2,0,17,17,FALSE,FALSE,FALSE
"12L12D_LL","AT5G56310",3,4,1,1,1,1,1,0,1,1,0,14,14,FALSE,FALSE,FALSE
"12L12D_LL","AT5G57250",3,4,0,0,0,0,0,0,0,0,0,NA,NA,FALSE,FALSE,FALSE
"12L12D_LL","AT5G59200",3,4,0,1,0,1,0,0,1,1,0,12,NA,FALSE,FALSE,FALSE
"12L12D_LL","AT5G59600",3,4,0,0,0,0,0,0,0,0,0,NA,NA,FALSE,FALSE,FALSE
"12L12D_LL","AT5G59900",3,4,0,0,0,0,0,0,0,0,0,NA,NA,FALSE,FALSE,FALSE
"12L12D_LL","AT5G60960",3,4,0,0,0,0,0,0,0,0,0,NA,NA,FALSE,FALSE,FALSE
"12L12D_LL","AT5G61400",3,4,0,0,0,1,0,0,1,0,0,NA,NA,FALSE,FALSE,FALSE
"12L12D_LL","AT5G61800",3,4,0,2,0,1,1,1,4,2,2,13.0134995189747,NA,FALSE,FALSE,FALSE
"12L12D_LL","AT5G61990",3,4,0,0,0,0,0,0,0,0,0,NA,NA,FALSE,FALSE,FALSE
"12L12D_LL","AT5G62370",3,4,0,0,0,0,0,0,0,1,0,NA,NA,FALSE,FALSE,FALSE
"12L12D_LL","AT5G64320",3,4,1,1,1,1,1,0,1,1,0,15,15,FALSE,FALSE,FALSE
"12L12D_LL","AT5G65560",3,4,0,0,0,1,0,0,2,0,0,NA,NA,FALSE,FALSE,FALSE
"12L12D_LL","AT5G65570",3,4,0,0,0,1,0,0,2,0,0,NA,NA,FALSE,FALSE,FALSE
"12L12D_LL","AT5G65820",3,4,0,0,0,0,0,0,0,0,0,NA,NA,FALSE,FALSE,FALSE
"12L12D_LL","AT5G66500",3,4,0,2,0,1,0,0,3,2,0,11.5,NA,FALSE,FALSE,FALSE
"12L12D_LL","AT5G66520",3,4,0,0,0,1,0,0,1,0,0,NA,NA,FALSE,FALSE,FALSE
"12L12D_LL","AT5G66631",3,4,1,1,1,1,1,0,1,1,0,14,14,FALSE,FALSE,FALSE
"12L12D_LL","AT5G67570",3,4,0,1,0,0,1,0,1,1,1,8.60410232109398,NA,FALSE,FALSE,FALSE
"16L8D","AT1G01060",2,3,3,3,3,3,3,0,3,3,0,2,2,TRUE,TRUE,TRUE
"16L8D","AT2G40080",2,3,2,3,2,3,2,0,3,3,0,14.5,14.5,TRUE,TRUE,TRUE
"16L8D","AT2G46830",2,3,3,3,3,3,3,0,3,3,0,2,2,TRUE,TRUE,TRUE
"16L8D","AT3G09600",2,3,3,3,3,3,3,1,3,3,1,1.70081193104014,1.70081193104014,TRUE,TRUE,TRUE
"16L8D","AT5G13770",2,3,2,3,2,3,2,0,3,3,0,1.5,1.5,TRUE,TRUE,TRUE
"16L8D","AT5G61380",2,3,2,3,2,3,2,0,3,3,0,13.5,13.5,TRUE,TRUE,TRUE
"16L8D","AT1G19720",2,3,1,2,1,3,1,0,3,2,0,5,5,FALSE,FALSE,TRUE
"16L8D","AT2G01860",2,3,0,2,0,1,0,0,2,2,0,2,NA,FALSE,FALSE,TRUE
"16L8D","AT2G18940",2,3,1,2,1,2,1,0,2,2,0,17,17,FALSE,FALSE,TRUE
"16L8D","AT2G36240",2,3,1,2,1,2,1,0,2,2,0,14,14,FALSE,FALSE,TRUE
"16L8D","AT2G40720",2,3,1,2,1,1,2,0,2,2,0,14,14,FALSE,FALSE,TRUE
"16L8D","AT3G18110",2,3,1,2,1,1,1,0,2,2,0,14,14,FALSE,FALSE,TRUE
"16L8D","AT3G60960",2,3,1,2,1,2,1,0,2,2,0,2,2,FALSE,FALSE,TRUE
"16L8D","AT4G04370",2,3,1,2,1,2,1,0,2,2,0,11,11,FALSE,FALSE,TRUE
"16L8D","AT4G19440",2,3,1,2,1,2,1,0,2,2,0,16,16,FALSE,FALSE,TRUE
"16L8D","AT5G02810",2,3,1,2,1,3,1,0,3,2,0,7,7,FALSE,FALSE,TRUE
"16L8D","AT5G02860",2,3,1,2,1,2,1,0,2,2,0,12,12,FALSE,FALSE,TRUE
"16L8D","AT5G11310",2,3,0,2,0,0,1,0,2,2,0,23.5,NA,FALSE,FALSE,TRUE
"16L8D","AT1G01970",2,3,1,1,1,1,1,0,1,1,0,16,16,FALSE,FALSE,FALSE
"16L8D","AT1G02060",2,3,0,0,0,0,0,0,0,0,0,NA,NA,FALSE,FALSE,FALSE
"16L8D","AT1G02150",2,3,0,0,0,1,0,0,1,0,0,NA,NA,FALSE,FALSE,FALSE
"16L8D","AT1G02370",2,3,0,0,0,0,0,0,0,0,0,NA,NA,FALSE,FALSE,FALSE
"16L8D","AT1G02420",2,3,0,0,0,0,0,0,1,0,0,NA,NA,FALSE,FALSE,FALSE
"16L8D","AT1G03100",2,3,0,0,0,0,0,0,0,0,0,NA,NA,FALSE,FALSE,FALSE
"16L8D","AT1G03510",2,3,0,0,0,0,0,0,0,1,0,NA,NA,FALSE,FALSE,FALSE
"16L8D","AT1G03540",2,3,0,1,0,1,0,0,1,1,0,17,NA,FALSE,FALSE,FALSE
"16L8D","AT1G03560",2,3,0,0,0,0,0,0,0,0,0,NA,NA,FALSE,FALSE,FALSE
"16L8D","AT1G04840",2,3,0,0,0,0,0,0,0,0,0,NA,NA,FALSE,FALSE,FALSE
"16L8D","AT1G05600",2,3,0,0,0,0,0,0,0,0,0,NA,NA,FALSE,FALSE,FALSE
"16L8D","AT1G05670",2,3,0,0,0,0,0,0,0,0,0,NA,NA,FALSE,FALSE,FALSE
"16L8D","AT1G05750",2,3,0,0,0,0,0,0,0,0,0,NA,NA,FALSE,FALSE,FALSE
"16L8D","AT1G06140",2,3,0,0,0,0,0,0,0,0,0,NA,NA,FALSE,FALSE,FALSE
"16L8D","AT1G06150",2,3,0,0,0,0,1,0,0,1,0,NA,NA,FALSE,FALSE,FALSE
"16L8D","AT1G06270",2,3,0,0,0,1,0,0,1,0,0,NA,NA,FALSE,FALSE,FALSE
"16L8D","AT1G06580",2,3,0,0,0,0,0,0,0,0,0,NA,NA,FALSE,FALSE,FALSE
"16L8D","AT1G06710",2,3,0,0,0,0,0,0,0,0,0,NA,NA,FALSE,FALSE,FALSE
"16L8D","AT1G07590",2,3,1,1,1,1,1,0,1,2,0,2,2,FALSE,FALSE,FALSE
"16L8D","AT1G07740",2,3,0,0,0,0,0,0,0,0,0,NA,NA,FALSE,FALSE,FALSE
"16L8D","AT1G08070",2,3,0,0,0,0,0,0,0,0,0,NA,NA,FALSE,FALSE,FALSE
"16L8D","AT1G08610",2,3,0,1,0,0,0,0,1,1,0,17,NA,FALSE,FALSE,FALSE
"16L8D","AT1G09190",2,3,0,1,0,1,0,0,1,1,0,10,NA,FALSE,FALSE,FALSE
"16L8D","AT1G09220",2,3,0,0,0,0,0,0,0,1,0,NA,NA,FALSE,FALSE,FALSE
"16L8D","AT1G09410",2,3,1,1,1,1,1,0,1,1,0,6,6,FALSE,FALSE,FALSE
"16L8D","AT1G09680",2,3,0,0,0,0,0,0,0,0,0,NA,NA,FALSE,FALSE,FALSE
"16L8D","AT1G09820",2,3,0,0,0,0,0,0,0,0,0,NA,NA,FALSE,FALSE,FALSE
"16L8D","AT1G09900",2,3,1,1,1,2,1,0,2,1,0,19,19,FALSE,FALSE,FALSE
"16L8D","AT1G10270",2,3,0,0,0,0,0,0,0,0,0,NA,NA,FALSE,FALSE,FALSE
"16L8D","AT1G10330",2,3,0,0,0,0,0,0,0,1,0,NA,NA,FALSE,FALSE,FALSE
"16L8D","AT1G10910",2,3,0,0,0,0,0,0,0,0,0,NA,NA,FALSE,FALSE,FALSE
"16L8D","AT1G11290",2,3,0,0,0,0,1,0,0,1,0,NA,NA,FALSE,FALSE,FALSE
"16L8D","AT1G11630",2,3,0,0,0,1,0,0,1,0,0,NA,NA,FALSE,FALSE,FALSE
"16L8D","AT1G11710",2,3,0,0,0,0,0,0,0,0,0,NA,NA,FALSE,FALSE,FALSE
"16L8D","AT1G11900",2,3,0,0,0,0,0,0,0,0,0,NA,NA,FALSE,FALSE,FALSE
"16L8D","AT1G12300",2,3,0,0,0,0,0,0,0,0,0,NA,NA,FALSE,FALSE,FALSE
"16L8D","AT1G12620",2,3,0,0,0,0,0,0,0,0,0,NA,NA,FALSE,FALSE,FALSE
"16L8D","AT1G12700",2,3,0,0,0,0,0,0,0,0,0,NA,NA,FALSE,FALSE,FALSE
"16L8D","AT1G12775",2,3,0,0,0,0,0,0,0,0,0,NA,NA,FALSE,FALSE,FALSE
"16L8D","AT1G13040",2,3,0,1,0,2,0,0,2,1,0,16,NA,FALSE,FALSE,FALSE
"16L8D","AT1G13410",2,3,0,0,0,0,0,0,0,0,0,NA,NA,FALSE,FALSE,FALSE
"16L8D","AT1G13630",2,3,0,0,0,0,0,0,0,0,0,NA,NA,FALSE,FALSE,FALSE
"16L8D","AT1G13800",2,3,0,0,0,0,0,0,0,0,0,NA,NA,FALSE,FALSE,FALSE
"16L8D","AT1G14470",2,3,0,0,0,0,0,0,1,0,0,NA,NA,FALSE,FALSE,FALSE
"16L8D","AT1G15480",2,3,0,0,0,0,0,0,0,0,0,NA,NA,FALSE,FALSE,FALSE
"16L8D","AT1G15510",2,3,0,0,0,1,0,0,1,0,0,NA,NA,FALSE,FALSE,FALSE
"16L8D","AT1G16480",2,3,0,0,0,0,0,0,0,0,0,NA,NA,FALSE,FALSE,FALSE
"16L8D","AT1G16830",2,3,0,1,0,0,0,0,1,1,0,2,NA,FALSE,FALSE,FALSE
"16L8D","AT1G17630",2,3,0,0,0,0,1,0,0,1,0,NA,NA,FALSE,FALSE,FALSE
"16L8D","AT1G18485",2,3,0,0,0,0,0,0,0,0,0,NA,NA,FALSE,FALSE,FALSE
"16L8D","AT1G18900",2,3,0,0,0,0,0,0,0,0,0,NA,NA,FALSE,FALSE,FALSE
"16L8D","AT1G19290",2,3,0,0,0,0,0,0,0,0,0,NA,NA,FALSE,FALSE,FALSE
"16L8D","AT1G19520",2,3,0,0,0,0,0,0,0,0,0,NA,NA,FALSE,FALSE,FALSE
"16L8D","AT1G20230",2,3,0,0,0,0,0,0,0,0,0,NA,NA,FALSE,FALSE,FALSE
"16L8D","AT1G20300",2,3,0,0,0,0,0,0,0,0,0,NA,NA,FALSE,FALSE,FALSE
"16L8D","AT1G22770",2,3,0,0,0,0,0,0,0,0,0,NA,NA,FALSE,FALSE,FALSE
"16L8D","AT1G22830",2,3,0,0,0,0,0,0,0,0,0,NA,NA,FALSE,FALSE,FALSE
"16L8D","AT1G22960",2,3,0,1,0,1,0,0,1,1,0,0.999999999999999,NA,FALSE,FALSE,FALSE
"16L8D","AT1G25360",2,3,0,0,0,0,0,0,0,0,0,NA,NA,FALSE,FALSE,FALSE
"16L8D","AT1G26460",2,3,0,0,0,1,0,0,1,0,0,NA,NA,FALSE,FALSE,FALSE
"16L8D","AT1G26500",2,3,0,0,0,0,0,0,0,0,0,NA,NA,FALSE,FALSE,FALSE
"16L8D","AT1G26900",2,3,0,0,0,0,0,0,0,0,0,NA,NA,FALSE,FALSE,FALSE
"16L8D","AT1G28020",2,3,0,0,0,0,0,0,0,0,0,NA,NA,FALSE,FALSE,FALSE
"16L8D","AT1G28690",2,3,0,0,0,0,0,0,0,0,0,NA,NA,FALSE,FALSE,FALSE
"16L8D","AT1G29710",2,3,0,0,0,0,0,0,0,0,0,NA,NA,FALSE,FALSE,FALSE
"16L8D","AT1G30290",2,3,0,1,0,0,0,0,1,1,0,12,NA,FALSE,FALSE,FALSE
"16L8D","AT1G30610",2,3,0,0,0,0,0,0,0,0,0,NA,NA,FALSE,FALSE,FALSE
"16L8D","AT1G31430",2,3,0,0,0,0,0,0,0,0,0,NA,NA,FALSE,FALSE,FALSE
"16L8D","AT1G31790",2,3,0,0,0,0,0,0,0,0,0,NA,NA,FALSE,FALSE,FALSE
"16L8D","AT1G31840",2,3,0,0,0,0,0,0,0,0,0,NA,NA,FALSE,FALSE,FALSE
"16L8D","AT1G31920",2,3,1,1,1,1,1,0,1,2,0,5,5,FALSE,FALSE,FALSE
"16L8D","AT1G32415",2,3,0,0,0,0,0,0,0,0,0,NA,NA,FALSE,FALSE,FALSE
"16L8D","AT1G33350",2,3,0,0,0,0,0,0,0,0,0,NA,NA,FALSE,FALSE,FALSE
"16L8D","AT1G34160",2,3,0,0,0,0,0,0,0,0,0,NA,NA,FALSE,FALSE,FALSE
"16L8D","AT1G43010",2,3,0,0,0,1,0,0,1,0,0,NA,NA,FALSE,FALSE,FALSE
"16L8D","AT1G43980",2,3,0,1,0,0,0,0,1,1,0,23,NA,FALSE,FALSE,FALSE
"16L8D","AT1G47580",2,3,0,0,0,0,0,0,0,0,0,NA,NA,FALSE,FALSE,FALSE
"16L8D","AT1G50270",2,3,0,0,0,1,0,0,1,0,0,NA,NA,FALSE,FALSE,FALSE
"16L8D","AT1G51965",2,3,0,0,0,0,0,0,0,0,0,NA,NA,FALSE,FALSE,FALSE
"16L8D","AT1G52620",2,3,0,0,0,0,0,0,0,0,0,NA,NA,FALSE,FALSE,FALSE
"16L8D","AT1G52640",2,3,0,0,0,0,0,0,0,0,0,NA,NA,FALSE,FALSE,FALSE
"16L8D","AT1G53330",2,3,0,0,0,0,0,0,0,0,0,NA,NA,FALSE,FALSE,FALSE
"16L8D","AT1G53600",2,3,0,0,0,0,0,0,0,1,0,NA,NA,FALSE,FALSE,FALSE
"16L8D","AT1G55630",2,3,0,0,0,0,0,0,0,0,0,NA,NA,FALSE,FALSE,FALSE
"16L8D","AT1G55890",2,3,0,0,0,1,0,0,1,0,0,NA,NA,FALSE,FALSE,FALSE
"16L8D","AT1G56570",2,3,0,0,0,0,0,0,0,1,0,NA,NA,FALSE,FALSE,FALSE
"16L8D","AT1G56690",2,3,0,0,0,0,0,0,0,1,0,NA,NA,FALSE,FALSE,FALSE
"16L8D","AT1G59720",2,3,0,0,0,0,0,0,0,0,0,NA,NA,FALSE,FALSE,FALSE
"16L8D","AT1G60770",2,3,0,0,0,0,0,0,0,0,0,NA,NA,FALSE,FALSE,FALSE
"16L8D","AT1G61870",2,3,0,0,0,0,0,0,0,0,0,NA,NA,FALSE,FALSE,FALSE
"16L8D","AT1G62260",2,3,0,0,0,0,0,0,0,0,0,NA,NA,FALSE,FALSE,FALSE
"16L8D","AT1G62350",2,3,0,0,0,0,0,0,0,0,0,NA,NA,FALSE,FALSE,FALSE
"16L8D","AT1G62590",2,3,0,0,0,0,0,0,0,0,0,NA,NA,FALSE,FALSE,FALSE
"16L8D","AT1G62670",2,3,0,0,0,0,0,0,0,0,0,NA,NA,FALSE,FALSE,FALSE
"16L8D","AT1G62680",2,3,0,0,0,0,0,0,0,0,0,NA,NA,FALSE,FALSE,FALSE
"16L8D","AT1G62720",2,3,0,0,0,0,0,0,0,0,0,NA,NA,FALSE,FALSE,FALSE
"16L8D","AT1G62910",2,3,0,0,0,0,0,0,0,0,0,NA,NA,FALSE,FALSE,FALSE
"16L8D","AT1G62930",2,3,0,0,0,0,0,0,0,0,0,NA,NA,FALSE,FALSE,FALSE
"16L8D","AT1G63070",2,3,0,0,0,0,0,0,1,0,0,NA,NA,FALSE,FALSE,FALSE
"16L8D","AT1G63080",2,3,0,0,0,0,0,0,0,0,0,NA,NA,FALSE,FALSE,FALSE
"16L8D","AT1G63130",2,3,0,0,0,0,0,0,0,0,0,NA,NA,FALSE,FALSE,FALSE
"16L8D","AT1G63150",2,3,0,0,0,0,0,0,0,0,0,NA,NA,FALSE,FALSE,FALSE
"16L8D","AT1G63320",2,3,0,0,0,0,0,0,0,0,0,NA,NA,FALSE,FALSE,FALSE
"16L8D","AT1G63330",2,3,0,0,0,0,0,0,0,0,0,NA,NA,FALSE,FALSE,FALSE
"16L8D","AT1G63400",2,3,0,0,0,0,0,0,0,0,0,NA,NA,FALSE,FALSE,FALSE
"16L8D","AT1G64100",2,3,0,0,0,0,1,0,0,1,0,NA,NA,FALSE,FALSE,FALSE
"16L8D","AT1G64310",2,3,0,1,0,0,1,0,1,1,0,0,NA,FALSE,FALSE,FALSE
"16L8D","AT1G64430",2,3,0,0,0,0,0,0,0,0,0,NA,NA,FALSE,FALSE,FALSE
"16L8D","AT1G64580",2,3,0,0,0,0,0,0,1,1,0,NA,NA,FALSE,FALSE,FALSE
"16L8D","AT1G66345",2,3,0,0,0,0,0,0,0,0,0,NA,NA,FALSE,FALSE,FALSE
"16L8D","AT1G68930",2,3,0,0,0,0,0,0,0,0,0,NA,NA,FALSE,FALSE,FALSE
"16L8D","AT1G68980",2,3,0,0,0,0,0,0,0,0,0,NA,NA,FALSE,FALSE,FALSE
"16L8D","AT1G69290",2,3,0,0,0,0,0,0,0,0,0,NA,NA,FALSE,FALSE,FALSE
"16L8D","AT1G69350",2,3,1,1,1,1,1,0,1,1,0,18,18,FALSE,FALSE,FALSE
"16L8D","AT1G71060",2,3,0,0,0,0,0,0,0,0,0,NA,NA,FALSE,FALSE,FALSE
"16L8D","AT1G71210",2,3,0,0,0,0,0,0,0,0,0,NA,NA,FALSE,FALSE,FALSE
"16L8D","AT1G71420",2,3,0,0,0,0,0,0,0,0,0,NA,NA,FALSE,FALSE,FALSE
"16L8D","AT1G71460",2,3,0,0,0,0,0,0,0,1,0,NA,NA,FALSE,FALSE,FALSE
"16L8D","AT1G71490",2,3,0,0,0,0,0,0,0,0,0,NA,NA,FALSE,FALSE,FALSE
"16L8D","AT1G73400",2,3,0,0,0,0,0,0,0,0,0,NA,NA,FALSE,FALSE,FALSE
"16L8D","AT1G73710",2,3,0,0,0,0,0,0,0,0,0,NA,NA,FALSE,FALSE,FALSE
"16L8D","AT1G74400",2,3,0,0,0,0,0,0,0,0,0,NA,NA,FALSE,FALSE,FALSE
"16L8D","AT1G74580",2,3,0,0,0,0,0,0,0,0,0,NA,NA,FALSE,FALSE,FALSE
"16L8D","AT1G74600",2,3,0,0,0,0,1,0,0,1,0,NA,NA,FALSE,FALSE,FALSE
"16L8D","AT1G74630",2,3,0,0,0,0,0,0,1,0,0,NA,NA,FALSE,FALSE,FALSE
"16L8D","AT1G74750",2,3,1,1,1,2,1,0,3,1,0,22,22,FALSE,FALSE,FALSE
"16L8D","AT1G74850",2,3,0,1,0,0,1,0,1,1,0,19,NA,FALSE,FALSE,FALSE
"16L8D","AT1G74900",2,3,0,0,0,0,0,0,0,0,0,NA,NA,FALSE,FALSE,FALSE
"16L8D","AT1G76280",2,3,0,0,0,1,0,0,1,0,0,NA,NA,FALSE,FALSE,FALSE
"16L8D","AT1G77010",2,3,0,0,0,0,0,0,0,0,0,NA,NA,FALSE,FALSE,FALSE
"16L8D","AT1G77170",2,3,0,0,0,0,0,0,0,0,0,NA,NA,FALSE,FALSE,FALSE
"16L8D","AT1G77340",2,3,0,0,0,0,0,0,0,0,0,NA,NA,FALSE,FALSE,FALSE
"16L8D","AT1G77360",2,3,0,0,0,0,0,0,0,0,0,NA,NA,FALSE,FALSE,FALSE
"16L8D","AT1G77405",2,3,0,0,0,0,0,0,0,0,0,NA,NA,FALSE,FALSE,FALSE
"16L8D","AT1G79080",2,3,0,0,0,1,0,0,1,1,0,NA,NA,FALSE,FALSE,FALSE
"16L8D","AT1G79490",2,3,0,0,0,0,0,0,0,0,0,NA,NA,FALSE,FALSE,FALSE
"16L8D","AT1G79540",2,3,0,0,0,1,0,0,1,0,0,NA,NA,FALSE,FALSE,FALSE
"16L8D","AT1G80150",2,3,0,0,0,0,0,0,1,0,0,NA,NA,FALSE,FALSE,FALSE
"16L8D","AT1G80270",2,3,0,0,0,1,0,0,1,0,0,NA,NA,FALSE,FALSE,FALSE
"16L8D","AT1G80550",2,3,0,0,0,0,0,0,0,1,0,NA,NA,FALSE,FALSE,FALSE
"16L8D","AT1G80880",2,3,1,1,1,1,1,0,1,1,0,12,12,FALSE,FALSE,FALSE
"16L8D","AT2G01360",2,3,0,0,0,0,0,0,0,0,0,NA,NA,FALSE,FALSE,FALSE
"16L8D","AT2G01390",2,3,0,0,0,0,0,0,0,0,0,NA,NA,FALSE,FALSE,FALSE
"16L8D","AT2G01510",2,3,0,1,0,0,1,0,2,1,0,19,NA,FALSE,FALSE,FALSE
"16L8D","AT2G01740",2,3,0,0,0,0,0,0,0,0,0,NA,NA,FALSE,FALSE,FALSE
"16L8D","AT2G02150",2,3,0,0,0,0,0,0,0,0,0,NA,NA,FALSE,FALSE,FALSE
"16L8D","AT2G02750",2,3,0,0,0,0,0,0,0,0,0,NA,NA,FALSE,FALSE,FALSE
"16L8D","AT2G02980",2,3,0,0,0,0,0,0,0,0,0,NA,NA,FALSE,FALSE,FALSE
"16L8D","AT2G03380",2,3,0,0,0,0,0,0,0,1,0,NA,NA,FALSE,FALSE,FALSE
"16L8D","AT2G03880",2,3,0,0,0,0,0,0,0,0,0,NA,NA,FALSE,FALSE,FALSE
"16L8D","AT2G04860",2,3,0,0,0,0,1,0,0,1,0,NA,NA,FALSE,FALSE,FALSE
"16L8D","AT2G06000",2,3,1,1,1,1,1,0,1,1,0,13,13,FALSE,FALSE,FALSE
"16L8D","AT2G13420",2,3,0,0,0,0,0,0,0,0,0,NA,NA,FALSE,FALSE,FALSE
"16L8D","AT2G13600",2,3,0,0,0,0,0,0,0,0,0,NA,NA,FALSE,FALSE,FALSE
"16L8D","AT2G15630",2,3,0,1,0,1,1,0,1,2,0,16,NA,FALSE,FALSE,FALSE
"16L8D","AT2G15690",2,3,0,0,0,1,0,0,1,0,0,NA,NA,FALSE,FALSE,FALSE
"16L8D","AT2G15820",2,3,0,1,0,2,0,0,2,1,0,16,NA,FALSE,FALSE,FALSE
"16L8D","AT2G15980",2,3,1,1,1,1,1,0,1,1,0,12,12,FALSE,FALSE,FALSE
"16L8D","AT2G16650",2,3,0,0,0,0,0,0,0,0,0,NA,NA,FALSE,FALSE,FALSE
"16L8D","AT2G16880",2,3,0,0,0,0,0,0,0,0,0,NA,NA,FALSE,FALSE,FALSE
"16L8D","AT2G17033",2,3,0,0,0,0,0,0,0,0,0,NA,NA,FALSE,FALSE,FALSE
"16L8D","AT2G17140",2,3,0,0,0,0,0,0,0,0,0,NA,NA,FALSE,FALSE,FALSE
"16L8D","AT2G17210",2,3,0,1,0,0,1,0,1,1,0,0,NA,FALSE,FALSE,FALSE
"16L8D","AT2G17525",2,3,0,1,0,1,0,0,1,1,0,16,NA,FALSE,FALSE,FALSE
"16L8D","AT2G17670",2,3,1,1,1,1,1,0,2,1,0,2,2,FALSE,FALSE,FALSE
"16L8D","AT2G18520",2,3,0,0,0,0,0,0,0,1,0,NA,NA,FALSE,FALSE,FALSE
"16L8D","AT2G19280",2,3,0,0,0,0,1,0,0,1,0,NA,NA,FALSE,FALSE,FALSE
"16L8D","AT2G20540",2,3,0,1,0,1,0,0,1,1,0,18,NA,FALSE,FALSE,FALSE
"16L8D","AT2G20710",2,3,0,0,0,0,0,0,0,0,0,NA,NA,FALSE,FALSE,FALSE
"16L8D","AT2G21090",2,3,0,0,0,0,0,0,0,0,0,NA,NA,FALSE,FALSE,FALSE
"16L8D","AT2G22070",2,3,0,0,0,0,0,0,0,0,0,NA,NA,FALSE,FALSE,FALSE
"16L8D","AT2G22410",2,3,0,1,0,0,1,0,1,1,0,14,NA,FALSE,FALSE,FALSE
"16L8D","AT2G25580",2,3,0,0,0,0,0,0,0,0,0,NA,NA,FALSE,FALSE,FALSE
"16L8D","AT2G25930",2,3,0,0,0,0,0,0,0,0,0,NA,NA,FALSE,FALSE,FALSE
"16L8D","AT2G26790",2,3,0,0,0,0,0,0,0,0,0,NA,NA,FALSE,FALSE,FALSE
"16L8D","AT2G27610",2,3,0,0,0,0,0,0,1,0,0,NA,NA,FALSE,FALSE,FALSE
"16L8D","AT2G27800",2,3,0,0,0,0,0,0,0,0,0,NA,NA,FALSE,FALSE,FALSE
"16L8D","AT2G28050",2,3,0,0,0,0,0,0,0,0,0,NA,NA,FALSE,FALSE,FALSE
"16L8D","AT2G29760",2,3,0,0,0,1,0,0,1,0,0,NA,NA,FALSE,FALSE,FALSE
"16L8D","AT2G30100",2,3,0,0,0,0,0,0,0,0,0,NA,NA,FALSE,FALSE,FALSE
"16L8D","AT2G30780",2,3,0,0,0,0,0,0,1,0,0,NA,NA,FALSE,FALSE,FALSE
"16L8D","AT2G31400",2,3,0,0,0,0,0,0,0,0,0,NA,NA,FALSE,FALSE,FALSE
"16L8D","AT2G32230",2,3,0,0,0,1,0,0,1,0,0,NA,NA,FALSE,FALSE,FALSE
"16L8D","AT2G32630",2,3,0,0,0,0,0,0,0,0,0,NA,NA,FALSE,FALSE,FALSE
"16L8D","AT2G33680",2,3,0,0,0,0,0,0,0,0,0,NA,NA,FALSE,FALSE,FALSE
"16L8D","AT2G33760",2,3,0,0,0,0,0,0,0,0,0,NA,NA,FALSE,FALSE,FALSE
"16L8D","AT2G34370",2,3,0,0,0,0,0,0,0,0,0,NA,NA,FALSE,FALSE,FALSE
"16L8D","AT2G34400",2,3,0,0,0,1,0,0,1,1,0,NA,NA,FALSE,FALSE,FALSE
"16L8D","AT2G35030",2,3,0,0,0,0,0,0,0,0,0,NA,NA,FALSE,FALSE,FALSE
"16L8D","AT2G35130",2,3,0,0,0,0,0,0,1,0,0,NA,NA,FALSE,FALSE,FALSE
"16L8D","AT2G36730",2,3,0,0,0,0,0,0,0,0,0,NA,NA,FALSE,FALSE,FALSE
"16L8D","AT2G36980",2,3,0,0,0,0,0,0,0,0,0,NA,NA,FALSE,FALSE,FALSE
"16L8D","AT2G37230",2,3,0,0,0,0,0,0,0,0,0,NA,NA,FALSE,FALSE,FALSE
"16L8D","AT2G37310",2,3,0,1,0,0,0,0,1,1,0,22,NA,FALSE,FALSE,FALSE
"16L8D","AT2G37320",2,3,0,0,0,0,0,0,0,1,0,NA,NA,FALSE,FALSE,FALSE
"16L8D","AT2G38420",2,3,0,0,0,1,0,0,1,0,0,NA,NA,FALSE,FALSE,FALSE
"16L8D","AT2G39230",2,3,0,0,0,0,0,0,0,0,0,NA,NA,FALSE,FALSE,FALSE
"16L8D","AT2G39620",2,3,0,0,0,0,0,0,0,0,0,NA,NA,FALSE,FALSE,FALSE
"16L8D","AT2G40240",2,3,0,0,0,0,0,0,0,0,0,NA,NA,FALSE,FALSE,FALSE
"16L8D","AT2G41080",2,3,0,0,0,0,0,0,0,0,0,NA,NA,FALSE,FALSE,FALSE
"16L8D","AT2G41720",2,3,0,0,0,0,1,0,1,1,0,NA,NA,FALSE,FALSE,FALSE
"16L8D","AT2G42920",2,3,0,0,0,0,0,0,0,0,0,NA,NA,FALSE,FALSE,FALSE
"16L8D","AT2G44880",2,3,0,0,0,0,0,0,0,0,0,NA,NA,FALSE,FALSE,FALSE
"16L8D","AT2G45350",2,3,0,0,0,0,1,0,0,1,0,NA,NA,FALSE,FALSE,FALSE
"16L8D","AT2G46050",2,3,0,0,0,0,0,0,0,0,0,NA,NA,FALSE,FALSE,FALSE
"16L8D","AT2G46790",2,3,0,0,0,2,0,0,3,0,0,NA,NA,FALSE,FALSE,FALSE
"16L8D","AT2G48000",2,3,0,0,0,0,0,0,1,0,0,NA,NA,FALSE,FALSE,FALSE
"16L8D","AT3G01580",2,3,0,0,0,0,0,0,0,0,0,NA,NA,FALSE,FALSE,FALSE
"16L8D","AT3G02010",2,3,0,0,0,0,0,0,0,0,0,NA,NA,FALSE,FALSE,FALSE
"16L8D","AT3G02330",2,3,0,0,0,0,0,0,0,0,0,NA,NA,FALSE,FALSE,FALSE
"16L8D","AT3G02490",2,3,0,0,0,0,0,0,0,0,0,NA,NA,FALSE,FALSE,FALSE
"16L8D","AT3G02650",2,3,0,0,0,0,0,0,0,0,0,NA,NA,FALSE,FALSE,FALSE
"16L8D","AT3G03580",2,3,0,0,0,0,0,0,0,0,0,NA,NA,FALSE,FALSE,FALSE
"16L8D","AT3G04130",2,3,0,0,0,0,0,0,0,0,0,NA,NA,FALSE,FALSE,FALSE
"16L8D","AT3G04750",2,3,0,0,0,0,0,0,0,0,0,NA,NA,FALSE,FALSE,FALSE
"16L8D","AT3G04760",2,3,0,0,0,1,0,0,1,0,0,NA,NA,FALSE,FALSE,FALSE
"16L8D","AT3G05240",2,3,0,0,0,0,0,0,0,0,0,NA,NA,FALSE,FALSE,FALSE
"16L8D","AT3G05340",2,3,0,0,0,0,0,0,0,0,0,NA,NA,FALSE,FALSE,FALSE
"16L8D","AT3G06430",2,3,0,0,0,1,0,0,1,0,0,NA,NA,FALSE,FALSE,FALSE
"16L8D","AT3G06920",2,3,0,0,0,0,0,0,0,0,0,NA,NA,FALSE,FALSE,FALSE
"16L8D","AT3G07290",2,3,0,0,0,0,0,0,0,0,0,NA,NA,FALSE,FALSE,FALSE
"16L8D","AT3G08820",2,3,0,0,0,0,0,0,0,0,0,NA,NA,FALSE,FALSE,FALSE
"16L8D","AT3G09040",2,3,1,1,1,1,1,0,1,1,0,14,14,FALSE,FALSE,FALSE
"16L8D","AT3G09060",2,3,0,0,0,0,0,0,0,0,0,NA,NA,FALSE,FALSE,FALSE
"16L8D","AT3G09650",2,3,0,0,0,0,1,0,0,1,0,NA,NA,FALSE,FALSE,FALSE
"16L8D","AT3G11460",2,3,0,0,0,0,0,0,0,0,0,NA,NA,FALSE,FALSE,FALSE
"16L8D","AT3G12770",2,3,0,1,0,1,0,0,1,1,0,15,NA,FALSE,FALSE,FALSE
"16L8D","AT3G13150",2,3,0,1,0,1,0,0,1,1,0,17,NA,FALSE,FALSE,FALSE
"16L8D","AT3G13160",2,3,0,1,0,1,0,0,1,1,0,16,NA,FALSE,FALSE,FALSE
"16L8D","AT3G13770",2,3,0,1,0,1,0,0,1,1,0,16,NA,FALSE,FALSE,FALSE
"16L8D","AT3G13880",2,3,0,0,0,0,0,0,0,1,0,NA,NA,FALSE,FALSE,FALSE
"16L8D","AT3G14330",2,3,0,0,0,0,0,0,0,0,0,NA,NA,FALSE,FALSE,FALSE
"16L8D","AT3G14580",2,3,0,0,0,0,0,0,0,0,0,NA,NA,FALSE,FALSE,FALSE
"16L8D","AT3G14730",2,3,0,0,0,0,0,0,0,0,0,NA,NA,FALSE,FALSE,FALSE
"16L8D","AT3G15130",2,3,0,0,0,0,0,0,0,0,0,NA,NA,FALSE,FALSE,FALSE
"16L8D","AT3G15200",2,3,0,0,0,0,0,0,0,0,0,NA,NA,FALSE,FALSE,FALSE
"16L8D","AT3G15590",2,3,0,0,0,0,1,0,0,1,0,NA,NA,FALSE,FALSE,FALSE
"16L8D","AT3G15930",2,3,0,0,0,0,0,0,0,0,0,NA,NA,FALSE,FALSE,FALSE
"16L8D","AT3G16010",2,3,0,0,0,0,0,0,1,0,0,NA,NA,FALSE,FALSE,FALSE
"16L8D","AT3G16610",2,3,0,0,0,0,0,0,1,0,0,NA,NA,FALSE,FALSE,FALSE
"16L8D","AT3G16710",2,3,0,0,0,0,0,0,0,0,0,NA,NA,FALSE,FALSE,FALSE
"16L8D","AT3G16890",2,3,0,0,0,0,0,0,0,0,0,NA,NA,FALSE,FALSE,FALSE
"16L8D","AT3G18020",2,3,0,0,0,0,0,0,0,0,0,NA,NA,FALSE,FALSE,FALSE
"16L8D","AT3G18840",2,3,0,0,0,0,0,0,0,0,0,NA,NA,FALSE,FALSE,FALSE
"16L8D","AT3G18970",2,3,0,0,0,0,0,0,0,0,0,NA,NA,FALSE,FALSE,FALSE
"16L8D","AT3G20730",2,3,0,0,0,0,0,0,0,0,0,NA,NA,FALSE,FALSE,FALSE
"16L8D","AT3G21470",2,3,0,0,0,0,0,0,0,0,0,NA,NA,FALSE,FALSE,FALSE
"16L8D","AT3G22150",2,3,1,1,1,1,1,0,1,2,1,14,14,FALSE,FALSE,FALSE
"16L8D","AT3G22470",2,3,0,0,0,0,0,0,0,0,0,NA,NA,FALSE,FALSE,FALSE
"16L8D","AT3G22670",2,3,1,1,1,1,1,0,1,1,0,15,15,FALSE,FALSE,FALSE
"16L8D","AT3G22690",2,3,0,0,0,0,0,0,0,0,0,NA,NA,FALSE,FALSE,FALSE
"16L8D","AT3G23020",2,3,0,0,0,1,0,0,1,0,0,NA,NA,FALSE,FALSE,FALSE
"16L8D","AT3G23330",2,3,0,0,0,0,0,0,0,0,0,NA,NA,FALSE,FALSE,FALSE
"16L8D","AT3G24000",2,3,0,1,0,1,1,0,2,1,0,20,NA,FALSE,FALSE,FALSE
"16L8D","AT3G25060",2,3,0,0,0,0,0,0,0,0,0,NA,NA,FALSE,FALSE,FALSE
"16L8D","AT3G25210",2,3,0,0,0,0,0,0,0,0,0,NA,NA,FALSE,FALSE,FALSE
"16L8D","AT3G25970",2,3,0,0,0,0,0,0,0,0,0,NA,NA,FALSE,FALSE,FALSE
"16L8D","AT3G26540",2,3,0,0,0,0,0,0,0,0,0,NA,NA,FALSE,FALSE,FALSE
"16L8D","AT3G26630",2,3,0,0,0,0,0,0,0,0,0,NA,NA,FALSE,FALSE,FALSE
"16L8D","AT3G26782",2,3,0,0,0,0,0,0,0,0,0,NA,NA,FALSE,FALSE,FALSE
"16L8D","AT3G27750",2,3,0,0,0,0,0,0,0,0,0,NA,NA,FALSE,FALSE,FALSE
"16L8D","AT3G28640",2,3,1,1,1,1,1,0,2,1,0,14,14,FALSE,FALSE,FALSE
"16L8D","AT3G28660",2,3,0,0,0,0,0,0,0,0,0,NA,NA,FALSE,FALSE,FALSE
"16L8D","AT3G29230",2,3,0,1,0,1,0,0,1,1,0,18,NA,FALSE,FALSE,FALSE
"16L8D","AT3G29290",2,3,0,0,0,0,0,0,0,0,0,NA,NA,FALSE,FALSE,FALSE
"16L8D","AT3G42630",2,3,0,0,0,1,0,0,1,0,0,NA,NA,FALSE,FALSE,FALSE
"16L8D","AT3G46610",2,3,0,0,0,0,0,0,1,0,0,NA,NA,FALSE,FALSE,FALSE
"16L8D","AT3G46640",2,3,1,1,1,3,1,0,3,1,0,12,12,FALSE,FALSE,FALSE
"16L8D","AT3G46790",2,3,0,0,0,0,0,0,0,1,0,NA,NA,FALSE,FALSE,FALSE
"16L8D","AT3G46870",2,3,0,0,0,0,0,0,0,0,0,NA,NA,FALSE,FALSE,FALSE
"16L8D","AT3G47530",2,3,1,1,1,1,1,0,1,1,1,14,14,FALSE,FALSE,FALSE
"16L8D","AT3G47840",2,3,0,0,0,0,0,0,0,0,0,NA,NA,FALSE,FALSE,FALSE
"16L8D","AT3G48250",2,3,0,0,0,0,0,0,0,0,0,NA,NA,FALSE,FALSE,FALSE
"16L8D","AT3G48810",2,3,0,0,0,0,0,0,0,0,0,NA,NA,FALSE,FALSE,FALSE
"16L8D","AT3G49140",2,3,0,0,0,0,0,0,0,0,0,NA,NA,FALSE,FALSE,FALSE
"16L8D","AT3G49170",2,3,0,0,0,0,0,0,0,0,0,NA,NA,FALSE,FALSE,FALSE
"16L8D","AT3G49240",2,3,0,0,0,0,0,0,0,0,0,NA,NA,FALSE,FALSE,FALSE
"16L8D","AT3G49710",2,3,1,1,1,1,1,0,1,1,0,15,15,FALSE,FALSE,FALSE
"16L8D","AT3G49730",2,3,0,0,0,0,0,0,0,0,0,NA,NA,FALSE,FALSE,FALSE
"16L8D","AT3G49740",2,3,0,0,0,0,0,0,0,0,0,NA,NA,FALSE,FALSE,FALSE
"16L8D","AT3G50420",2,3,1,1,1,1,1,0,2,2,0,23,23,FALSE,FALSE,FALSE
"16L8D","AT3G51320",2,3,0,0,0,0,0,0,0,0,0,NA,NA,FALSE,FALSE,FALSE
"16L8D","AT3G53170",2,3,0,0,0,0,0,0,1,0,0,NA,NA,FALSE,FALSE,FALSE
"16L8D","AT3G53360",2,3,0,0,0,0,0,0,1,0,0,NA,NA,FALSE,FALSE,FALSE
"16L8D","AT3G53700",2,3,0,1,0,1,0,0,2,1,0,5,NA,FALSE,FALSE,FALSE
"16L8D","AT3G54500",2,3,0,0,0,0,0,0,0,0,0,NA,NA,FALSE,FALSE,FALSE
"16L8D","AT3G54980",2,3,0,0,0,0,0,0,0,0,0,NA,NA,FALSE,FALSE,FALSE
"16L8D","AT3G56030",2,3,0,0,0,0,0,0,0,0,0,NA,NA,FALSE,FALSE,FALSE
"16L8D","AT3G56550",2,3,0,0,0,0,0,0,0,0,0,NA,NA,FALSE,FALSE,FALSE
"16L8D","AT3G57430",2,3,0,0,0,0,1,0,0,1,0,NA,NA,FALSE,FALSE,FALSE
"16L8D","AT3G58590",2,3,0,0,0,0,0,0,0,1,0,NA,NA,FALSE,FALSE,FALSE
"16L8D","AT3G59040",2,3,0,0,0,0,0,0,1,0,0,NA,NA,FALSE,FALSE,FALSE
"16L8D","AT3G60050",2,3,0,0,0,0,0,0,0,0,0,NA,NA,FALSE,FALSE,FALSE
"16L8D","AT3G60980",2,3,0,0,0,0,1,0,0,1,0,NA,NA,FALSE,FALSE,FALSE
"16L8D","AT3G61170",2,3,0,0,0,0,0,0,0,1,0,NA,NA,FALSE,FALSE,FALSE
"16L8D","AT3G61360",2,3,0,0,0,0,0,0,1,0,0,NA,NA,FALSE,FALSE,FALSE
"16L8D","AT3G61520",2,3,0,1,0,0,1,0,1,1,0,23,NA,FALSE,FALSE,FALSE
"16L8D","AT3G62470",2,3,0,0,0,0,0,0,0,0,0,NA,NA,FALSE,FALSE,FALSE
"16L8D","AT3G62540",2,3,0,0,0,0,0,0,0,0,0,NA,NA,FALSE,FALSE,FALSE
"16L8D","AT3G62890",2,3,0,0,0,0,0,0,0,0,0,NA,NA,FALSE,FALSE,FALSE
"16L8D","AT3G63370",2,3,0,0,0,0,0,0,1,0,0,NA,NA,FALSE,FALSE,FALSE
"16L8D","AT4G01030",2,3,0,0,0,0,0,0,0,0,0,NA,NA,FALSE,FALSE,FALSE
"16L8D","AT4G01400",2,3,0,0,0,0,0,0,0,0,0,NA,NA,FALSE,FALSE,FALSE
"16L8D","AT4G01570",2,3,0,0,0,1,0,0,1,1,0,NA,NA,FALSE,FALSE,FALSE
"16L8D","AT4G01990",2,3,0,0,0,1,0,0,1,0,0,NA,NA,FALSE,FALSE,FALSE
"16L8D","AT4G02750",2,3,0,0,0,0,0,0,0,0,0,NA,NA,FALSE,FALSE,FALSE
"16L8D","AT4G02820",2,3,0,1,0,0,0,0,1,1,0,2,NA,FALSE,FALSE,FALSE
"16L8D","AT4G04790",2,3,0,0,0,0,0,0,0,0,0,NA,NA,FALSE,FALSE,FALSE
"16L8D","AT4G08210",2,3,0,0,0,0,1,0,0,1,0,NA,NA,FALSE,FALSE,FALSE
"16L8D","AT4G11690",2,3,0,0,0,0,0,0,0,0,0,NA,NA,FALSE,FALSE,FALSE
"16L8D","AT4G13650",2,3,0,1,0,0,1,0,1,1,0,18,NA,FALSE,FALSE,FALSE
"16L8D","AT4G14050",2,3,0,0,0,0,0,0,0,0,0,NA,NA,FALSE,FALSE,FALSE
"16L8D","AT4G14170",2,3,0,0,0,0,0,0,0,0,0,NA,NA,FALSE,FALSE,FALSE
"16L8D","AT4G14190",2,3,0,0,0,0,0,0,0,0,0,NA,NA,FALSE,FALSE,FALSE
"16L8D","AT4G14820",2,3,0,0,0,0,0,0,0,0,0,NA,NA,FALSE,FALSE,FALSE
"16L8D","AT4G14850",2,3,0,0,0,0,0,0,0,0,0,NA,NA,FALSE,FALSE,FALSE
"16L8D","AT4G15720",2,3,0,0,0,0,0,0,0,0,0,NA,NA,FALSE,FALSE,FALSE
"16L8D","AT4G16390",2,3,0,0,0,1,0,0,1,0,0,NA,NA,FALSE,FALSE,FALSE
"16L8D","AT4G16470",2,3,0,0,0,0,0,0,0,0,0,NA,NA,FALSE,FALSE,FALSE
"16L8D","AT4G16835",2,3,0,0,0,0,0,0,0,0,0,NA,NA,FALSE,FALSE,FALSE
"16L8D","AT4G17616",2,3,0,0,0,0,1,0,0,2,0,NA,NA,FALSE,FALSE,FALSE
"16L8D","AT4G17910",2,3,0,0,0,0,0,0,0,0,0,NA,NA,FALSE,FALSE,FALSE
"16L8D","AT4G18520",2,3,0,1,0,0,0,0,1,2,0,11,NA,FALSE,FALSE,FALSE
"16L8D","AT4G18750",2,3,0,0,0,1,0,0,1,0,0,NA,NA,FALSE,FALSE,FALSE
"16L8D","AT4G18840",2,3,0,0,0,0,0,0,0,0,0,NA,NA,FALSE,FALSE,FALSE
"16L8D","AT4G18975",2,3,0,0,0,0,0,0,0,0,0,NA,NA,FALSE,FALSE,FALSE
"16L8D","AT4G19191",2,3,0,0,0,0,0,0,0,1,0,NA,NA,FALSE,FALSE,FALSE
"16L8D","AT4G19220",2,3,0,0,0,0,0,0,0,0,0,NA,NA,FALSE,FALSE,FALSE
"16L8D","AT4G19900",2,3,0,0,0,0,0,0,0,0,0,NA,NA,FALSE,FALSE,FALSE
"16L8D","AT4G20090",2,3,0,0,0,1,0,0,1,0,0,NA,NA,FALSE,FALSE,FALSE
"16L8D","AT4G20740",2,3,0,0,0,0,0,0,0,0,0,NA,NA,FALSE,FALSE,FALSE
"16L8D","AT4G20770",2,3,0,0,0,0,0,0,0,0,0,NA,NA,FALSE,FALSE,FALSE
"16L8D","AT4G21065",2,3,0,0,0,0,0,0,0,0,0,NA,NA,FALSE,FALSE,FALSE
"16L8D","AT4G21170",2,3,0,0,0,0,0,0,1,0,0,NA,NA,FALSE,FALSE,FALSE
"16L8D","AT4G21190",2,3,0,0,0,0,0,0,0,0,0,NA,NA,FALSE,FALSE,FALSE
"16L8D","AT4G21300",2,3,0,0,0,0,0,0,0,0,0,NA,NA,FALSE,FALSE,FALSE
"16L8D","AT4G21705",2,3,0,0,0,0,0,0,0,0,0,NA,NA,FALSE,FALSE,FALSE
"16L8D","AT4G21880",2,3,0,0,0,0,0,0,0,0,0,NA,NA,FALSE,FALSE,FALSE
"16L8D","AT4G21900",2,3,0,0,0,0,0,0,0,0,0,NA,NA,FALSE,FALSE,FALSE
"16L8D","AT4G22760",2,3,0,0,0,0,0,0,0,0,0,NA,NA,FALSE,FALSE,FALSE
"16L8D","AT4G25270",2,3,0,0,0,1,0,0,1,0,0,NA,NA,FALSE,FALSE,FALSE
"16L8D","AT4G26680",2,3,0,0,0,0,0,0,0,0,0,NA,NA,FALSE,FALSE,FALSE
"16L8D","AT4G26800",2,3,0,0,0,0,0,0,0,0,0,NA,NA,FALSE,FALSE,FALSE
"16L8D","AT4G28010",2,3,0,0,0,0,0,0,1,0,0,NA,NA,FALSE,FALSE,FALSE
"16L8D","AT4G30700",2,3,1,1,1,2,1,0,2,1,0,15,15,FALSE,FALSE,FALSE
"16L8D","AT4G30825",2,3,1,1,1,1,1,0,1,1,0,13,13,FALSE,FALSE,FALSE
"16L8D","AT4G31070",2,3,0,0,0,0,0,0,0,1,0,NA,NA,FALSE,FALSE,FALSE
"16L8D","AT4G31850",2,3,0,1,0,0,0,0,1,2,0,14,NA,FALSE,FALSE,FALSE
"16L8D","AT4G32430",2,3,0,0,0,0,0,0,0,1,0,NA,NA,FALSE,FALSE,FALSE
"16L8D","AT4G32450",2,3,0,0,0,0,0,0,0,0,0,NA,NA,FALSE,FALSE,FALSE
"16L8D","AT4G33170",2,3,0,0,0,0,0,0,0,0,0,NA,NA,FALSE,FALSE,FALSE
"16L8D","AT4G33990",2,3,0,0,0,0,0,0,0,0,0,NA,NA,FALSE,FALSE,FALSE
"16L8D","AT4G34830",2,3,0,0,0,2,0,0,2,0,0,NA,NA,FALSE,FALSE,FALSE
"16L8D","AT4G35130",2,3,0,1,0,0,0,0,1,1,0,19,NA,FALSE,FALSE,FALSE
"16L8D","AT4G35850",2,3,1,1,1,1,1,0,1,1,0,3,3,FALSE,FALSE,FALSE
"16L8D","AT4G36680",2,3,0,0,0,0,0,0,0,1,0,NA,NA,FALSE,FALSE,FALSE
"16L8D","AT4G37170",2,3,0,0,0,0,0,0,0,0,0,NA,NA,FALSE,FALSE,FALSE
"16L8D","AT4G37380",2,3,0,0,0,0,0,0,0,0,0,NA,NA,FALSE,FALSE,FALSE
"16L8D","AT4G38010",2,3,0,0,0,0,0,0,0,0,0,NA,NA,FALSE,FALSE,FALSE
"16L8D","AT4G38150",2,3,0,0,0,1,0,0,1,0,0,NA,NA,FALSE,FALSE,FALSE
"16L8D","AT4G39530",2,3,1,1,1,1,1,0,1,1,0,17,17,FALSE,FALSE,FALSE
"16L8D","AT4G39620",2,3,0,1,0,0,0,0,1,1,0,14,NA,FALSE,FALSE,FALSE
"16L8D","AT4G39952",2,3,1,1,1,1,1,0,1,1,0,14,14,FALSE,FALSE,FALSE
"16L8D","AT5G01110",2,3,0,0,0,0,0,0,0,0,0,NA,NA,FALSE,FALSE,FALSE
"16L8D","AT5G02830",2,3,0,0,0,0,0,0,0,0,0,NA,NA,FALSE,FALSE,FALSE
"16L8D","AT5G03560",2,3,1,1,1,1,1,0,1,1,0,0.999999999999999,0.999999999999999,FALSE,FALSE,FALSE
"16L8D","AT5G03800",2,3,0,0,0,0,0,0,1,0,0,NA,NA,FALSE,FALSE,FALSE
"16L8D","AT5G04780",2,3,0,1,0,1,0,0,1,1,0,16,NA,FALSE,FALSE,FALSE
"16L8D","AT5G04810",2,3,0,0,0,0,0,0,1,0,0,NA,NA,FALSE,FALSE,FALSE
"16L8D","AT5G06540",2,3,0,0,0,0,0,0,0,1,0,NA,NA,FALSE,FALSE,FALSE
"16L8D","AT5G08310",2,3,0,0,0,0,0,0,0,0,0,NA,NA,FALSE,FALSE,FALSE
"16L8D","AT5G08490",2,3,0,0,0,0,0,0,0,0,0,NA,NA,FALSE,FALSE,FALSE
"16L8D","AT5G08510",2,3,0,1,0,0,1,0,1,1,0,12,NA,FALSE,FALSE,FALSE
"16L8D","AT5G09450",2,3,0,0,0,0,0,0,0,2,0,NA,NA,FALSE,FALSE,FALSE
"16L8D","AT5G09950",2,3,0,0,0,0,1,0,0,1,0,NA,NA,FALSE,FALSE,FALSE
"16L8D","AT5G10690",2,3,0,0,0,0,0,0,0,1,0,NA,NA,FALSE,FALSE,FALSE
"16L8D","AT5G12100",2,3,0,1,0,0,1,0,1,1,0,15,NA,FALSE,FALSE,FALSE
"16L8D","AT5G13230",2,3,0,0,0,0,0,0,0,0,0,NA,NA,FALSE,FALSE,FALSE
"16L8D","AT5G13270",2,3,0,1,0,1,0,0,2,1,0,17,NA,FALSE,FALSE,FALSE
"16L8D","AT5G14080",2,3,1,1,1,1,1,0,1,1,0,24,24,FALSE,FALSE,FALSE
"16L8D","AT5G14770",2,3,0,1,0,0,0,0,1,1,0,23,NA,FALSE,FALSE,FALSE
"16L8D","AT5G14820",2,3,0,0,0,0,0,0,0,0,0,NA,NA,FALSE,FALSE,FALSE
"16L8D","AT5G15010",2,3,0,0,0,0,0,0,0,0,0,NA,NA,FALSE,FALSE,FALSE
"16L8D","AT5G15280",2,3,0,0,0,0,0,0,0,0,0,NA,NA,FALSE,FALSE,FALSE
"16L8D","AT5G15300",2,3,0,0,0,0,0,0,0,0,0,NA,NA,FALSE,FALSE,FALSE
"16L8D","AT5G15340",2,3,0,0,0,0,0,0,0,0,0,NA,NA,FALSE,FALSE,FALSE
"16L8D","AT5G15980",2,3,1,1,1,1,1,0,1,1,0,10,10,FALSE,FALSE,FALSE
"16L8D","AT5G16420",2,3,0,0,0,0,0,0,0,1,0,NA,NA,FALSE,FALSE,FALSE
"16L8D","AT5G16640",2,3,0,1,0,1,1,0,1,2,0,14,NA,FALSE,FALSE,FALSE
"16L8D","AT5G16860",2,3,0,0,0,0,0,0,0,0,0,NA,NA,FALSE,FALSE,FALSE
"16L8D","AT5G18390",2,3,0,0,0,0,0,0,0,0,0,NA,NA,FALSE,FALSE,FALSE
"16L8D","AT5G18475",2,3,0,0,0,0,0,0,0,0,0,NA,NA,FALSE,FALSE,FALSE
"16L8D","AT5G18950",2,3,0,0,0,0,0,0,0,0,0,NA,NA,FALSE,FALSE,FALSE
"16L8D","AT5G19020",2,3,0,0,0,0,0,0,0,0,0,NA,NA,FALSE,FALSE,FALSE
"16L8D","AT5G21222",2,3,0,0,0,1,0,0,1,0,0,NA,NA,FALSE,FALSE,FALSE
"16L8D","AT5G24470",2,3,1,1,1,1,1,0,1,1,0,12,12,FALSE,FALSE,FALSE
"16L8D","AT5G24830",2,3,0,0,0,0,1,0,0,1,0,NA,NA,FALSE,FALSE,FALSE
"16L8D","AT5G25630",2,3,0,0,0,1,0,0,1,0,0,NA,NA,FALSE,FALSE,FALSE
"16L8D","AT5G27110",2,3,0,0,0,0,0,0,0,0,0,NA,NA,FALSE,FALSE,FALSE
"16L8D","AT5G27270",2,3,0,0,0,0,0,0,0,0,0,NA,NA,FALSE,FALSE,FALSE
"16L8D","AT5G27460",2,3,0,0,0,0,0,0,0,0,0,NA,NA,FALSE,FALSE,FALSE
"16L8D","AT5G28460",2,3,0,0,0,1,0,0,1,0,0,NA,NA,FALSE,FALSE,FALSE
"16L8D","AT5G36300",2,3,0,0,0,0,0,0,0,0,0,NA,NA,FALSE,FALSE,FALSE
"16L8D","AT5G37570",2,3,0,0,0,0,0,0,0,0,0,NA,NA,FALSE,FALSE,FALSE
"16L8D","AT5G38730",2,3,0,0,0,0,0,0,0,0,0,NA,NA,FALSE,FALSE,FALSE
"16L8D","AT5G39350",2,3,0,0,0,0,0,0,1,1,0,NA,NA,FALSE,FALSE,FALSE
"16L8D","AT5G39680",2,3,0,0,0,0,0,0,0,0,0,NA,NA,FALSE,FALSE,FALSE
"16L8D","AT5G39710",2,3,0,1,0,0,0,0,1,1,0,19,NA,FALSE,FALSE,FALSE
"16L8D","AT5G39980",2,3,1,1,1,1,1,0,1,1,0,16,16,FALSE,FALSE,FALSE
"16L8D","AT5G40400",2,3,0,0,0,0,0,0,0,0,0,NA,NA,FALSE,FALSE,FALSE
"16L8D","AT5G40405",2,3,0,0,0,0,0,0,0,0,0,NA,NA,FALSE,FALSE,FALSE
"16L8D","AT5G40410",2,3,0,0,0,0,0,0,0,0,0,NA,NA,FALSE,FALSE,FALSE
"16L8D","AT5G41170",2,3,0,0,0,0,0,0,0,0,0,NA,NA,FALSE,FALSE,FALSE
"16L8D","AT5G42310",2,3,0,0,0,0,0,0,0,0,0,NA,NA,FALSE,FALSE,FALSE
"16L8D","AT5G42450",2,3,0,0,0,0,0,0,0,0,0,NA,NA,FALSE,FALSE,FALSE
"16L8D","AT5G43790",2,3,0,0,0,0,0,0,0,0,0,NA,NA,FALSE,FALSE,FALSE
"16L8D","AT5G43820",2,3,0,0,0,0,0,0,0,0,0,NA,NA,FALSE,FALSE,FALSE
"16L8D","AT5G44230",2,3,0,0,0,0,0,0,0,0,0,NA,NA,FALSE,FALSE,FALSE
"16L8D","AT5G46100",2,3,0,0,0,0,0,0,0,0,0,NA,NA,FALSE,FALSE,FALSE
"16L8D","AT5G46460",2,3,0,0,0,0,0,0,0,0,0,NA,NA,FALSE,FALSE,FALSE
"16L8D","AT5G46580",2,3,0,0,0,0,0,0,0,0,0,NA,NA,FALSE,FALSE,FALSE
"16L8D","AT5G46680",2,3,0,0,0,0,0,0,0,1,0,NA,NA,FALSE,FALSE,FALSE
"16L8D","AT5G47360",2,3,0,0,0,0,0,0,0,0,0,NA,NA,FALSE,FALSE,FALSE
"16L8D","AT5G47460",2,3,0,0,0,0,0,0,0,0,0,NA,NA,FALSE,FALSE,FALSE
"16L8D","AT5G48730",2,3,0,1,0,1,0,0,1,1,0,18,NA,FALSE,FALSE,FALSE
"16L8D","AT5G48910",2,3,0,0,0,0,0,0,0,1,0,NA,NA,FALSE,FALSE,FALSE
"16L8D","AT5G50280",2,3,1,1,1,1,1,0,2,1,0,16,16,FALSE,FALSE,FALSE
"16L8D","AT5G50390",2,3,0,0,0,0,0,0,0,0,0,NA,NA,FALSE,FALSE,FALSE
"16L8D","AT5G50990",2,3,0,0,0,0,0,0,0,1,0,NA,NA,FALSE,FALSE,FALSE
"16L8D","AT5G52630",2,3,0,0,0,0,0,0,0,0,0,NA,NA,FALSE,FALSE,FALSE
"16L8D","AT5G52850",2,3,0,0,0,0,0,0,0,0,0,NA,NA,FALSE,FALSE,FALSE
"16L8D","AT5G55740",2,3,1,1,1,2,1,0,2,1,0,14,14,FALSE,FALSE,FALSE
"16L8D","AT5G55840",2,3,0,0,0,0,1,0,0,1,0,NA,NA,FALSE,FALSE,FALSE
"16L8D","AT5G56310",2,3,0,0,0,0,0,0,0,0,0,NA,NA,FALSE,FALSE,FALSE
"16L8D","AT5G57250",2,3,0,0,0,0,0,0,0,0,0,NA,NA,FALSE,FALSE,FALSE
"16L8D","AT5G59200",2,3,0,1,0,0,0,0,1,1,0,10,NA,FALSE,FALSE,FALSE
"16L8D","AT5G59600",2,3,0,0,0,0,0,0,0,1,0,NA,NA,FALSE,FALSE,FALSE
"16L8D","AT5G59900",2,3,0,0,0,0,1,0,0,1,0,NA,NA,FALSE,FALSE,FALSE
"16L8D","AT5G60960",2,3,0,0,0,0,0,0,1,0,0,NA,NA,FALSE,FALSE,FALSE
"16L8D","AT5G61370",2,3,0,0,0,0,0,0,0,1,0,NA,NA,FALSE,FALSE,FALSE
"16L8D","AT5G61400",2,3,0,0,0,0,0,0,0,0,0,NA,NA,FALSE,FALSE,FALSE
"16L8D","AT5G61800",2,3,0,1,0,1,0,0,1,1,0,16,NA,FALSE,FALSE,FALSE
"16L8D","AT5G61990",2,3,1,1,1,1,1,0,1,1,0,3,3,FALSE,FALSE,FALSE
"16L8D","AT5G62370",2,3,0,0,0,0,0,0,0,0,0,NA,NA,FALSE,FALSE,FALSE
"16L8D","AT5G64170",2,3,0,0,0,0,0,0,0,0,0,NA,NA,FALSE,FALSE,FALSE
"16L8D","AT5G64320",2,3,0,0,0,0,0,0,0,0,0,NA,NA,FALSE,FALSE,FALSE
"16L8D","AT5G65560",2,3,0,0,0,0,0,0,0,0,0,NA,NA,FALSE,FALSE,FALSE
"16L8D","AT5G65570",2,3,0,0,0,0,0,0,0,0,0,NA,NA,FALSE,FALSE,FALSE
"16L8D","AT5G65820",2,3,0,0,0,0,0,0,0,1,0,NA,NA,FALSE,FALSE,FALSE
"16L8D","AT5G66500",2,3,0,0,0,0,0,0,0,0,0,NA,NA,FALSE,FALSE,FALSE
"16L8D","AT5G66520",2,3,0,0,0,0,1,0,0,1,0,NA,NA,FALSE,FALSE,FALSE
"16L8D","AT5G66631",2,3,0,0,0,0,0,0,0,0,0,NA,NA,FALSE,FALSE,FALSE
"16L8D","AT5G67570",2,3,0,0,0,0,0,0,0,0,0,NA,NA,FALSE,FALSE,FALSE
"8L16D","AT1G01060",2,3,3,3,3,3,3,0,3,3,0,1.66751768495783,1.66751768495783,TRUE,TRUE,TRUE
"8L16D","AT1G02060",2,3,2,2,2,3,2,0,3,2,1,20.5,20.5,TRUE,TRUE,TRUE
"8L16D","AT1G19720",2,3,2,2,2,3,2,1,3,2,2,1.98212530489728,1.98212530489728,TRUE,TRUE,TRUE
"8L16D","AT2G46830",2,3,3,3,3,3,3,0,3,3,2,2,2,TRUE,TRUE,TRUE
"8L16D","AT3G06430",2,3,3,3,3,3,3,0,3,3,0,19,19,TRUE,TRUE,TRUE
"8L16D","AT3G09600",2,3,3,3,3,3,3,0,3,3,0,1.02407956032145,1.02407956032145,TRUE,TRUE,TRUE
"8L16D","AT4G18520",2,3,2,3,2,2,2,0,3,3,0,11,11,TRUE,TRUE,TRUE
"8L16D","AT5G13770",2,3,2,3,2,2,2,2,3,3,2,1.84752289386387,1.84752289386387,TRUE,TRUE,TRUE
"8L16D","AT5G67570",2,3,2,2,2,2,2,0,2,2,0,15,15,TRUE,TRUE,TRUE
"8L16D","AT1G31920",2,3,1,2,1,1,2,1,2,2,1,2.00762912155869,2.00762912155869,FALSE,FALSE,TRUE
"8L16D","AT1G71460",2,3,1,2,1,1,1,0,2,2,1,14,14,FALSE,FALSE,TRUE
"8L16D","AT1G80550",2,3,1,2,1,1,2,0,3,2,1,20,20,FALSE,FALSE,TRUE
"8L16D","AT2G41720",2,3,1,2,1,1,2,0,2,2,0,11,11,FALSE,FALSE,TRUE
"8L16D","AT2G46790",2,3,1,2,1,3,1,0,3,2,0,5,5,FALSE,FALSE,TRUE
"8L16D","AT3G05340",2,3,1,2,1,1,1,0,3,2,1,4,4,FALSE,FALSE,TRUE
"8L16D","AT4G14820",2,3,1,2,1,2,1,0,2,2,0,19,19,FALSE,FALSE,TRUE
"8L16D","AT4G16390",2,3,1,2,1,1,2,0,2,2,0,12,12,FALSE,FALSE,TRUE
"8L16D","AT4G38010",2,3,1,2,1,2,1,1,2,2,1,1.33170694539031,1.33170694539031,FALSE,FALSE,TRUE
"8L16D","AT5G02830",2,3,1,2,1,3,1,0,3,2,1,5,5,FALSE,FALSE,TRUE
"8L16D","AT5G04810",2,3,1,3,1,2,1,0,3,3,1,21,21,FALSE,FALSE,TRUE
"8L16D","AT5G14080",2,3,1,2,1,3,1,0,3,2,0,22,22,FALSE,FALSE,TRUE
"8L16D","AT5G21222",2,3,1,2,1,2,1,0,3,2,0,19,19,FALSE,FALSE,TRUE
"8L16D","AT5G61380",2,3,1,3,1,2,2,0,3,3,0,12,12,FALSE,FALSE,TRUE
"8L16D","AT1G01970",2,3,0,1,0,1,0,0,2,1,0,15,NA,FALSE,FALSE,FALSE
"8L16D","AT1G02150",2,3,0,0,0,0,0,0,0,0,0,NA,NA,FALSE,FALSE,FALSE
"8L16D","AT1G02370",2,3,0,0,0,0,0,0,0,0,0,NA,NA,FALSE,FALSE,FALSE
"8L16D","AT1G02420",2,3,0,0,0,0,0,0,1,0,0,NA,NA,FALSE,FALSE,FALSE
"8L16D","AT1G03100",2,3,0,0,0,1,0,0,1,0,0,NA,NA,FALSE,FALSE,FALSE
"8L16D","AT1G03510",2,3,1,1,1,1,1,0,1,1,0,15,15,FALSE,FALSE,FALSE
"8L16D","AT1G03540",2,3,0,0,0,0,0,0,0,0,0,NA,NA,FALSE,FALSE,FALSE
"8L16D","AT1G03560",2,3,0,0,0,0,0,0,0,0,0,NA,NA,FALSE,FALSE,FALSE
"8L16D","AT1G04840",2,3,0,0,0,0,0,0,1,0,0,NA,NA,FALSE,FALSE,FALSE
"8L16D","AT1G05600",2,3,0,0,0,0,0,0,0,0,0,NA,NA,FALSE,FALSE,FALSE
"8L16D","AT1G05670",2,3,0,0,0,0,0,0,0,0,0,NA,NA,FALSE,FALSE,FALSE
"8L16D","AT1G05750",2,3,0,0,0,0,0,0,0,2,0,NA,NA,FALSE,FALSE,FALSE
"8L16D","AT1G06140",2,3,0,0,0,0,0,0,0,0,0,NA,NA,FALSE,FALSE,FALSE
"8L16D","AT1G06150",2,3,0,0,0,0,0,0,0,1,0,NA,NA,FALSE,FALSE,FALSE
"8L16D","AT1G06270",2,3,0,0,0,0,0,0,1,0,0,NA,NA,FALSE,FALSE,FALSE
"8L16D","AT1G06580",2,3,0,1,0,0,1,0,1,1,0,19,NA,FALSE,FALSE,FALSE
"8L16D","AT1G06710",2,3,0,0,0,0,0,0,0,0,0,NA,NA,FALSE,FALSE,FALSE
"8L16D","AT1G07590",2,3,0,0,0,1,1,0,1,1,0,NA,NA,FALSE,FALSE,FALSE
"8L16D","AT1G07740",2,3,0,0,0,0,0,0,0,0,0,NA,NA,FALSE,FALSE,FALSE
"8L16D","AT1G08070",2,3,0,0,0,0,0,0,0,0,0,NA,NA,FALSE,FALSE,FALSE
"8L16D","AT1G08610",2,3,0,0,0,0,0,0,0,0,0,NA,NA,FALSE,FALSE,FALSE
"8L16D","AT1G09190",2,3,0,0,0,0,0,0,0,0,0,NA,NA,FALSE,FALSE,FALSE
"8L16D","AT1G09220",2,3,0,1,0,1,0,0,1,1,0,12,NA,FALSE,FALSE,FALSE
"8L16D","AT1G09410",2,3,0,0,0,0,0,0,0,0,0,NA,NA,FALSE,FALSE,FALSE
"8L16D","AT1G09680",2,3,1,1,1,1,1,0,1,1,0,15,15,FALSE,FALSE,FALSE
"8L16D","AT1G09820",2,3,0,1,0,1,0,0,1,1,0,2,NA,FALSE,FALSE,FALSE
"8L16D","AT1G09900",2,3,0,0,0,0,0,0,0,0,0,NA,NA,FALSE,FALSE,FALSE
"8L16D","AT1G10270",2,3,0,0,0,0,0,0,0,0,0,NA,NA,FALSE,FALSE,FALSE
"8L16D","AT1G10330",2,3,0,0,0,0,0,0,0,0,0,NA,NA,FALSE,FALSE,FALSE
"8L16D","AT1G10910",2,3,0,0,0,1,0,0,2,0,0,NA,NA,FALSE,FALSE,FALSE
"8L16D","AT1G11290",2,3,1,1,1,1,1,0,1,1,0,12,12,FALSE,FALSE,FALSE
"8L16D","AT1G11630",2,3,0,0,0,0,0,0,0,0,0,NA,NA,FALSE,FALSE,FALSE
"8L16D","AT1G11710",2,3,0,0,0,0,0,0,0,0,0,NA,NA,FALSE,FALSE,FALSE
"8L16D","AT1G11900",2,3,0,0,0,0,0,0,0,0,0,NA,NA,FALSE,FALSE,FALSE
"8L16D","AT1G12300",2,3,0,0,0,0,0,0,1,0,0,NA,NA,FALSE,FALSE,FALSE
"8L16D","AT1G12620",2,3,0,0,0,0,0,0,0,0,0,NA,NA,FALSE,FALSE,FALSE
"8L16D","AT1G12700",2,3,0,0,0,0,0,0,0,0,0,NA,NA,FALSE,FALSE,FALSE
"8L16D","AT1G12775",2,3,0,1,0,0,1,0,1,1,0,10,NA,FALSE,FALSE,FALSE
"8L16D","AT1G13040",2,3,1,1,1,1,1,0,1,1,0,15,15,FALSE,FALSE,FALSE
"8L16D","AT1G13410",2,3,0,0,0,0,0,0,0,0,0,NA,NA,FALSE,FALSE,FALSE
"8L16D","AT1G13630",2,3,0,0,0,0,0,0,0,0,0,NA,NA,FALSE,FALSE,FALSE
"8L16D","AT1G13800",2,3,0,0,0,0,0,0,0,0,0,NA,NA,FALSE,FALSE,FALSE
"8L16D","AT1G14470",2,3,0,0,0,0,0,0,1,0,0,NA,NA,FALSE,FALSE,FALSE
"8L16D","AT1G15480",2,3,1,1,1,2,2,0,2,2,0,15,15,FALSE,FALSE,FALSE
"8L16D","AT1G15510",2,3,0,1,0,1,0,0,2,1,0,13,NA,FALSE,FALSE,FALSE
"8L16D","AT1G16480",2,3,0,0,0,0,0,0,0,0,0,NA,NA,FALSE,FALSE,FALSE
"8L16D","AT1G16830",2,3,0,0,0,0,0,0,0,0,0,NA,NA,FALSE,FALSE,FALSE
"8L16D","AT1G17630",2,3,0,1,0,1,0,0,1,1,0,12,NA,FALSE,FALSE,FALSE
"8L16D","AT1G18485",2,3,0,0,0,1,0,0,1,0,0,NA,NA,FALSE,FALSE,FALSE
"8L16D","AT1G18900",2,3,0,0,0,0,0,0,0,0,0,NA,NA,FALSE,FALSE,FALSE
"8L16D","AT1G19290",2,3,0,0,0,0,0,0,0,0,0,NA,NA,FALSE,FALSE,FALSE
"8L16D","AT1G19520",2,3,0,1,0,0,1,0,1,1,0,11,NA,FALSE,FALSE,FALSE
"8L16D","AT1G20230",2,3,0,0,0,0,0,0,0,0,0,NA,NA,FALSE,FALSE,FALSE
"8L16D","AT1G20300",2,3,0,0,0,0,1,0,0,1,0,NA,NA,FALSE,FALSE,FALSE
"8L16D","AT1G22770",2,3,0,0,0,0,0,0,0,0,0,NA,NA,FALSE,FALSE,FALSE
"8L16D","AT1G22830",2,3,0,1,0,0,1,0,1,1,0,0,NA,FALSE,FALSE,FALSE
"8L16D","AT1G22960",2,3,0,0,0,0,0,0,0,0,0,NA,NA,FALSE,FALSE,FALSE
"8L16D","AT1G25360",2,3,1,1,1,1,1,0,1,1,0,19,19,FALSE,FALSE,FALSE
"8L16D","AT1G26460",2,3,1,1,1,2,1,0,2,1,1,11,11,FALSE,FALSE,FALSE
"8L16D","AT1G26500",2,3,0,0,0,0,0,0,0,0,0,NA,NA,FALSE,FALSE,FALSE
"8L16D","AT1G26900",2,3,0,0,0,0,0,0,1,0,0,NA,NA,FALSE,FALSE,FALSE
"8L16D","AT1G28020",2,3,0,0,0,0,0,0,1,0,0,NA,NA,FALSE,FALSE,FALSE
"8L16D","AT1G28690",2,3,0,0,0,0,0,0,0,0,0,NA,NA,FALSE,FALSE,FALSE
"8L16D","AT1G29710",2,3,1,1,1,1,1,0,1,1,0,3,3,FALSE,FALSE,FALSE
"8L16D","AT1G30290",2,3,0,0,0,0,0,0,1,0,0,NA,NA,FALSE,FALSE,FALSE
"8L16D","AT1G30610",2,3,0,0,0,0,0,0,1,0,0,NA,NA,FALSE,FALSE,FALSE
"8L16D","AT1G31430",2,3,0,0,0,0,0,0,0,0,0,NA,NA,FALSE,FALSE,FALSE
"8L16D","AT1G31790",2,3,0,0,0,1,0,0,1,0,0,NA,NA,FALSE,FALSE,FALSE
"8L16D","AT1G31840",2,3,0,0,0,0,0,0,0,0,0,NA,NA,FALSE,FALSE,FALSE
"8L16D","AT1G32415",2,3,0,0,0,0,0,0,0,0,0,NA,NA,FALSE,FALSE,FALSE
"8L16D","AT1G33350",2,3,0,1,0,1,0,0,1,1,0,22,NA,FALSE,FALSE,FALSE
"8L16D","AT1G34160",2,3,0,0,0,0,0,0,0,0,0,NA,NA,FALSE,FALSE,FALSE
"8L16D","AT1G43010",2,3,0,0,0,0,0,0,0,0,0,NA,NA,FALSE,FALSE,FALSE
"8L16D","AT1G43980",2,3,0,0,0,0,0,0,0,0,0,NA,NA,FALSE,FALSE,FALSE
"8L16D","AT1G47580",2,3,0,0,0,0,0,0,0,0,0,NA,NA,FALSE,FALSE,FALSE
"8L16D","AT1G50270",2,3,0,0,0,0,0,0,0,0,0,NA,NA,FALSE,FALSE,FALSE
"8L16D","AT1G51965",2,3,0,0,0,1,0,0,1,0,0,NA,NA,FALSE,FALSE,FALSE
"8L16D","AT1G52620",2,3,0,0,0,0,0,0,0,0,0,NA,NA,FALSE,FALSE,FALSE
"8L16D","AT1G52640",2,3,0,1,0,0,0,0,1,1,0,14,NA,FALSE,FALSE,FALSE
"8L16D","AT1G53330",2,3,0,0,0,1,0,0,1,1,0,NA,NA,FALSE,FALSE,FALSE
"8L16D","AT1G53600",2,3,0,0,0,0,0,0,0,0,0,NA,NA,FALSE,FALSE,FALSE
"8L16D","AT1G55630",2,3,0,0,0,0,0,0,0,0,0,NA,NA,FALSE,FALSE,FALSE
"8L16D","AT1G55890",2,3,0,0,0,0,0,0,0,0,0,NA,NA,FALSE,FALSE,FALSE
"8L16D","AT1G56570",2,3,0,1,0,1,0,0,1,1,0,12,NA,FALSE,FALSE,FALSE
"8L16D","AT1G56690",2,3,0,0,0,0,0,0,0,0,0,NA,NA,FALSE,FALSE,FALSE
"8L16D","AT1G59720",2,3,1,1,1,1,1,0,1,1,0,10,10,FALSE,FALSE,FALSE
"8L16D","AT1G60770",2,3,0,1,0,0,0,0,2,1,0,12,NA,FALSE,FALSE,FALSE
"8L16D","AT1G61870",2,3,0,0,0,0,0,0,0,0,0,NA,NA,FALSE,FALSE,FALSE
"8L16D","AT1G62260",2,3,0,0,0,0,1,0,0,1,0,NA,NA,FALSE,FALSE,FALSE
"8L16D","AT1G62350",2,3,1,1,1,1,1,0,1,1,0,24,24,FALSE,FALSE,FALSE
"8L16D","AT1G62590",2,3,1,1,1,2,1,0,2,1,0,19,19,FALSE,FALSE,FALSE
"8L16D","AT1G62670",2,3,0,0,0,0,0,0,0,0,0,NA,NA,FALSE,FALSE,FALSE
"8L16D","AT1G62680",2,3,0,0,0,0,0,0,0,0,0,NA,NA,FALSE,FALSE,FALSE
"8L16D","AT1G62720",2,3,0,0,0,0,0,0,0,1,0,NA,NA,FALSE,FALSE,FALSE
"8L16D","AT1G62910",2,3,0,0,0,0,0,0,0,0,0,NA,NA,FALSE,FALSE,FALSE
"8L16D","AT1G62930",2,3,0,0,0,0,0,0,1,0,0,NA,NA,FALSE,FALSE,FALSE
"8L16D","AT1G63070",2,3,0,0,0,0,0,0,0,1,0,NA,NA,FALSE,FALSE,FALSE
"8L16D","AT1G63080",2,3,0,0,0,0,0,0,0,0,0,NA,NA,FALSE,FALSE,FALSE
"8L16D","AT1G63130",2,3,0,0,0,0,0,0,0,0,0,NA,NA,FALSE,FALSE,FALSE
"8L16D","AT1G63150",2,3,0,0,0,0,0,0,0,0,0,NA,NA,FALSE,FALSE,FALSE
"8L16D","AT1G63320",2,3,0,0,0,0,0,0,0,0,0,NA,NA,FALSE,FALSE,FALSE
"8L16D","AT1G63330",2,3,0,0,0,0,0,0,0,0,0,NA,NA,FALSE,FALSE,FALSE
"8L16D","AT1G63400",2,3,0,0,0,0,0,0,0,0,0,NA,NA,FALSE,FALSE,FALSE
"8L16D","AT1G64100",2,3,0,0,0,0,0,0,1,0,0,NA,NA,FALSE,FALSE,FALSE
"8L16D","AT1G64310",2,3,0,0,0,0,0,0,0,0,0,NA,NA,FALSE,FALSE,FALSE
"8L16D","AT1G64430",2,3,0,0,0,0,0,0,0,0,0,NA,NA,FALSE,FALSE,FALSE
"8L16D","AT1G64580",2,3,0,0,0,0,0,0,0,0,0,NA,NA,FALSE,FALSE,FALSE
"8L16D","AT1G66345",2,3,0,0,0,0,0,0,0,0,0,NA,NA,FALSE,FALSE,FALSE
"8L16D","AT1G68930",2,3,0,0,0,0,0,0,0,0,0,NA,NA,FALSE,FALSE,FALSE
"8L16D","AT1G68980",2,3,0,1,0,0,1,0,1,1,0,0.999999999999999,NA,FALSE,FALSE,FALSE
"8L16D","AT1G69290",2,3,0,0,0,0,0,0,0,0,0,NA,NA,FALSE,FALSE,FALSE
"8L16D","AT1G69350",2,3,0,0,0,0,0,0,0,0,0,NA,NA,FALSE,FALSE,FALSE
"8L16D","AT1G71060",2,3,0,0,0,1,0,0,1,0,0,NA,NA,FALSE,FALSE,FALSE
"8L16D","AT1G71210",2,3,0,0,0,0,0,0,0,0,0,NA,NA,FALSE,FALSE,FALSE
"8L16D","AT1G71420",2,3,0,0,0,0,0,0,0,0,0,NA,NA,FALSE,FALSE,FALSE
"8L16D","AT1G71490",2,3,0,0,0,0,0,0,0,0,0,NA,NA,FALSE,FALSE,FALSE
"8L16D","AT1G73400",2,3,0,0,0,0,0,0,0,0,0,NA,NA,FALSE,FALSE,FALSE
"8L16D","AT1G73710",2,3,1,1,1,1,1,0,1,1,0,10,10,FALSE,FALSE,FALSE
"8L16D","AT1G74400",2,3,0,0,0,0,0,0,0,0,0,NA,NA,FALSE,FALSE,FALSE
"8L16D","AT1G74580",2,3,0,0,0,0,0,0,1,0,0,NA,NA,FALSE,FALSE,FALSE
"8L16D","AT1G74600",2,3,0,0,0,0,1,0,0,1,0,NA,NA,FALSE,FALSE,FALSE
"8L16D","AT1G74630",2,3,0,0,0,0,0,0,0,0,0,NA,NA,FALSE,FALSE,FALSE
"8L16D","AT1G74750",2,3,1,1,1,1,1,0,1,2,0,19,19,FALSE,FALSE,FALSE
"8L16D","AT1G74850",2,3,0,1,0,0,0,0,1,1,0,12,NA,FALSE,FALSE,FALSE
"8L16D","AT1G74900",2,3,0,0,0,0,0,0,0,0,0,NA,NA,FALSE,FALSE,FALSE
"8L16D","AT1G76280",2,3,0,0,0,0,1,0,0,2,0,NA,NA,FALSE,FALSE,FALSE
"8L16D","AT1G77010",2,3,0,0,0,0,0,0,0,1,0,NA,NA,FALSE,FALSE,FALSE
"8L16D","AT1G77170",2,3,0,0,0,1,0,0,1,0,0,NA,NA,FALSE,FALSE,FALSE
"8L16D","AT1G77340",2,3,0,0,0,0,0,0,0,0,0,NA,NA,FALSE,FALSE,FALSE
"8L16D","AT1G77360",2,3,0,1,0,1,0,0,1,1,0,18,NA,FALSE,FALSE,FALSE
"8L16D","AT1G77405",2,3,0,0,0,0,0,0,0,0,0,NA,NA,FALSE,FALSE,FALSE
"8L16D","AT1G79080",2,3,0,0,0,0,0,0,0,0,0,NA,NA,FALSE,FALSE,FALSE
"8L16D","AT1G79490",2,3,0,0,0,0,0,0,0,0,0,NA,NA,FALSE,FALSE,FALSE
"8L16D","AT1G79540",2,3,0,0,0,0,0,0,1,0,0,NA,NA,FALSE,FALSE,FALSE
"8L16D","AT1G80150",2,3,0,0,0,0,0,0,1,0,0,NA,NA,FALSE,FALSE,FALSE
"8L16D","AT1G80270",2,3,0,0,0,0,0,0,0,0,0,NA,NA,FALSE,FALSE,FALSE
"8L16D","AT1G80880",2,3,0,0,0,1,0,0,1,0,0,NA,NA,FALSE,FALSE,FALSE
"8L16D","AT2G01360",2,3,0,0,0,0,0,0,0,0,0,NA,NA,FALSE,FALSE,FALSE
"8L16D","AT2G01390",2,3,0,0,0,0,0,0,0,1,0,NA,NA,FALSE,FALSE,FALSE
"8L16D","AT2G01510",2,3,0,0,0,0,0,0,1,0,0,NA,NA,FALSE,FALSE,FALSE
"8L16D","AT2G01740",2,3,0,0,0,0,0,0,0,1,0,NA,NA,FALSE,FALSE,FALSE
"8L16D","AT2G01860",2,3,0,0,0,1,0,0,1,0,0,NA,NA,FALSE,FALSE,FALSE
"8L16D","AT2G02150",2,3,0,0,0,0,0,0,0,0,0,NA,NA,FALSE,FALSE,FALSE
"8L16D","AT2G02750",2,3,0,0,0,0,0,0,0,0,0,NA,NA,FALSE,FALSE,FALSE
"8L16D","AT2G02980",2,3,0,0,0,0,0,0,0,1,0,NA,NA,FALSE,FALSE,FALSE
"8L16D","AT2G03380",2,3,1,1,1,1,1,0,1,2,0,12,12,FALSE,FALSE,FALSE
"8L16D","AT2G03880",2,3,0,0,0,0,0,0,0,0,0,NA,NA,FALSE,FALSE,FALSE
"8L16D","AT2G04860",2,3,0,0,0,0,0,0,0,0,0,NA,NA,FALSE,FALSE,FALSE
"8L16D","AT2G06000",2,3,0,0,0,0,0,0,0,0,0,NA,NA,FALSE,FALSE,FALSE
"8L16D","AT2G13420",2,3,0,0,0,0,0,0,0,0,0,NA,NA,FALSE,FALSE,FALSE
"8L16D","AT2G13600",2,3,0,0,0,0,0,0,0,0,0,NA,NA,FALSE,FALSE,FALSE
"8L16D","AT2G15630",2,3,0,1,0,0,0,0,1,2,0,18,NA,FALSE,FALSE,FALSE
"8L16D","AT2G15690",2,3,1,1,1,1,1,0,1,1,0,8,8,FALSE,FALSE,FALSE
"8L16D","AT2G15820",2,3,1,1,1,1,1,0,1,1,0,11,11,FALSE,FALSE,FALSE
"8L16D","AT2G15980",2,3,0,0,0,0,0,0,0,0,0,NA,NA,FALSE,FALSE,FALSE
"8L16D","AT2G16650",2,3,0,0,0,0,0,0,0,0,0,NA,NA,FALSE,FALSE,FALSE
"8L16D","AT2G16880",2,3,0,0,0,0,0,0,0,0,0,NA,NA,FALSE,FALSE,FALSE
"8L16D","AT2G17033",2,3,0,0,0,0,0,0,1,0,0,NA,NA,FALSE,FALSE,FALSE
"8L16D","AT2G17140",2,3,0,0,0,0,0,0,0,0,0,NA,NA,FALSE,FALSE,FALSE
"8L16D","AT2G17210",2,3,0,0,0,0,1,0,0,1,0,NA,NA,FALSE,FALSE,FALSE
"8L16D","AT2G17525",2,3,0,0,0,1,0,0,2,0,0,NA,NA,FALSE,FALSE,FALSE
"8L16D","AT2G17670",2,3,0,0,0,0,0,0,0,0,0,NA,NA,FALSE,FALSE,FALSE
"8L16D","AT2G18520",2,3,0,0,0,0,0,0,0,1,0,NA,NA,FALSE,FALSE,FALSE
"8L16D","AT2G18940",2,3,0,0,0,0,0,0,0,0,0,NA,NA,FALSE,FALSE,FALSE
"8L16D","AT2G19280",2,3,0,0,0,0,0,0,0,0,0,NA,NA,FALSE,FALSE,FALSE
"8L16D","AT2G20540",2,3,0,0,0,0,0,0,0,0,0,NA,NA,FALSE,FALSE,FALSE
"8L16D","AT2G20710",2,3,0,1,0,0,1,0,1,1,0,10,NA,FALSE,FALSE,FALSE
"8L16D","AT2G21090",2,3,1,1,1,1,1,0,1,1,0,19,19,FALSE,FALSE,FALSE
"8L16D","AT2G22070",2,3,0,0,0,0,0,0,0,0,0,NA,NA,FALSE,FALSE,FALSE
"8L16D","AT2G22410",2,3,1,1,1,1,1,0,1,1,0,14,14,FALSE,FALSE,FALSE
"8L16D","AT2G25580",2,3,0,0,0,0,0,0,0,0,0,NA,NA,FALSE,FALSE,FALSE
"8L16D","AT2G25930",2,3,0,0,0,0,0,0,0,0,0,NA,NA,FALSE,FALSE,FALSE
"8L16D","AT2G26790",2,3,0,1,0,0,1,0,1,1,0,2,NA,FALSE,FALSE,FALSE
"8L16D","AT2G27610",2,3,0,0,0,0,0,0,0,1,0,NA,NA,FALSE,FALSE,FALSE
"8L16D","AT2G27800",2,3,0,0,0,0,0,0,0,0,0,NA,NA,FALSE,FALSE,FALSE
"8L16D","AT2G28050",2,3,0,0,0,0,0,0,1,0,0,NA,NA,FALSE,FALSE,FALSE
"8L16D","AT2G29760",2,3,0,1,0,0,1,0,1,1,0,16,NA,FALSE,FALSE,FALSE
"8L16D","AT2G30100",2,3,0,0,0,0,0,0,0,0,0,NA,NA,FALSE,FALSE,FALSE
"8L16D","AT2G30780",2,3,0,0,0,1,0,0,2,0,0,NA,NA,FALSE,FALSE,FALSE
"8L16D","AT2G31400",2,3,0,0,0,1,0,0,1,1,0,NA,NA,FALSE,FALSE,FALSE
"8L16D","AT2G32230",2,3,1,1,1,1,1,0,2,1,0,11,11,FALSE,FALSE,FALSE
"8L16D","AT2G32630",2,3,0,0,0,0,0,0,0,0,0,NA,NA,FALSE,FALSE,FALSE
"8L16D","AT2G33680",2,3,0,0,0,0,0,0,0,0,0,NA,NA,FALSE,FALSE,FALSE
"8L16D","AT2G33760",2,3,0,0,0,0,0,0,0,0,0,NA,NA,FALSE,FALSE,FALSE
"8L16D","AT2G34370",2,3,0,0,0,0,0,0,0,0,0,NA,NA,FALSE,FALSE,FALSE
"8L16D","AT2G34400",2,3,0,0,0,0,0,0,0,1,0,NA,NA,FALSE,FALSE,FALSE
"8L16D","AT2G35030",2,3,0,0,0,0,0,0,0,0,0,NA,NA,FALSE,FALSE,FALSE
"8L16D","AT2G35130",2,3,0,0,0,1,0,0,2,0,0,NA,NA,FALSE,FALSE,FALSE
"8L16D","AT2G36240",2,3,1,1,1,1,1,0,1,1,0,11,11,FALSE,FALSE,FALSE
"8L16D","AT2G36730",2,3,0,0,0,0,1,0,0,1,0,NA,NA,FALSE,FALSE,FALSE
"8L16D","AT2G36980",2,3,0,0,0,0,0,0,0,0,0,NA,NA,FALSE,FALSE,FALSE
"8L16D","AT2G37230",2,3,0,0,0,0,0,0,0,0,0,NA,NA,FALSE,FALSE,FALSE
"8L16D","AT2G37310",2,3,0,0,0,0,1,0,0,1,0,NA,NA,FALSE,FALSE,FALSE
"8L16D","AT2G37320",2,3,0,0,0,0,1,0,0,1,0,NA,NA,FALSE,FALSE,FALSE
"8L16D","AT2G38420",2,3,0,0,0,0,0,0,0,0,0,NA,NA,FALSE,FALSE,FALSE
"8L16D","AT2G39230",2,3,0,0,0,1,0,0,1,0,0,NA,NA,FALSE,FALSE,FALSE
"8L16D","AT2G39620",2,3,0,0,0,0,0,0,0,0,0,NA,NA,FALSE,FALSE,FALSE
"8L16D","AT2G40080",2,3,1,1,1,2,1,0,2,1,0,10,10,FALSE,FALSE,FALSE
"8L16D","AT2G40240",2,3,0,0,0,0,0,0,0,0,0,NA,NA,FALSE,FALSE,FALSE
"8L16D","AT2G40720",2,3,0,0,0,1,0,0,1,0,0,NA,NA,FALSE,FALSE,FALSE
"8L16D","AT2G41080",2,3,0,0,0,1,0,0,1,0,0,NA,NA,FALSE,FALSE,FALSE
"8L16D","AT2G42920",2,3,0,0,0,0,0,0,0,0,0,NA,NA,FALSE,FALSE,FALSE
"8L16D","AT2G44880",2,3,0,0,0,0,0,0,0,0,0,NA,NA,FALSE,FALSE,FALSE
"8L16D","AT2G45350",2,3,1,1,1,1,1,0,1,1,0,11,11,FALSE,FALSE,FALSE
"8L16D","AT2G46050",2,3,0,0,0,0,0,0,1,0,0,NA,NA,FALSE,FALSE,FALSE
"8L16D","AT2G48000",2,3,0,0,0,1,0,0,2,0,0,NA,NA,FALSE,FALSE,FALSE
"8L16D","AT3G01580",2,3,0,0,0,0,0,0,0,0,0,NA,NA,FALSE,FALSE,FALSE
"8L16D","AT3G02010",2,3,0,0,0,0,0,0,0,0,0,NA,NA,FALSE,FALSE,FALSE
"8L16D","AT3G02330",2,3,0,0,0,0,1,0,0,1,0,NA,NA,FALSE,FALSE,FALSE
"8L16D","AT3G02490",2,3,0,0,0,0,0,0,0,0,0,NA,NA,FALSE,FALSE,FALSE
"8L16D","AT3G02650",2,3,0,0,0,0,0,0,0,0,0,NA,NA,FALSE,FALSE,FALSE
"8L16D","AT3G03580",2,3,0,0,0,0,0,0,0,0,0,NA,NA,FALSE,FALSE,FALSE
"8L16D","AT3G04130",2,3,0,0,0,0,0,0,0,0,0,NA,NA,FALSE,FALSE,FALSE
"8L16D","AT3G04750",2,3,0,0,0,1,0,0,1,0,0,NA,NA,FALSE,FALSE,FALSE
"8L16D","AT3G04760",2,3,0,1,0,1,0,0,1,1,0,16,NA,FALSE,FALSE,FALSE
"8L16D","AT3G05240",2,3,0,0,0,0,0,0,0,0,0,NA,NA,FALSE,FALSE,FALSE
"8L16D","AT3G06920",2,3,1,1,1,2,1,0,2,1,0,16,16,FALSE,FALSE,FALSE
"8L16D","AT3G07290",2,3,0,0,0,0,0,0,0,0,0,NA,NA,FALSE,FALSE,FALSE
"8L16D","AT3G08820",2,3,0,0,0,0,0,0,0,1,0,NA,NA,FALSE,FALSE,FALSE
"8L16D","AT3G09040",2,3,0,1,0,1,1,0,2,1,0,18,NA,FALSE,FALSE,FALSE
"8L16D","AT3G09060",2,3,0,0,0,0,0,0,1,0,0,NA,NA,FALSE,FALSE,FALSE
"8L16D","AT3G09650",2,3,0,0,0,1,0,0,1,0,0,NA,NA,FALSE,FALSE,FALSE
"8L16D","AT3G11460",2,3,1,1,1,1,1,0,1,1,0,15,15,FALSE,FALSE,FALSE
"8L16D","AT3G12770",2,3,1,1,1,1,1,0,1,1,0,12,12,FALSE,FALSE,FALSE
"8L16D","AT3G13150",2,3,0,0,0,0,0,0,0,0,0,NA,NA,FALSE,FALSE,FALSE
"8L16D","AT3G13160",2,3,0,1,0,0,1,0,1,2,0,18,NA,FALSE,FALSE,FALSE
"8L16D","AT3G13770",2,3,0,1,0,0,1,0,1,1,0,19,NA,FALSE,FALSE,FALSE
"8L16D","AT3G13880",2,3,0,0,0,1,0,0,1,0,0,NA,NA,FALSE,FALSE,FALSE
"8L16D","AT3G14330",2,3,0,0,0,0,0,0,0,0,0,NA,NA,FALSE,FALSE,FALSE
"8L16D","AT3G14580",2,3,0,0,0,0,0,0,0,0,0,NA,NA,FALSE,FALSE,FALSE
"8L16D","AT3G14730",2,3,0,1,0,1,0,0,1,1,0,23,NA,FALSE,FALSE,FALSE
"8L16D","AT3G15130",2,3,0,0,0,0,0,0,0,0,0,NA,NA,FALSE,FALSE,FALSE
"8L16D","AT3G15200",2,3,0,0,0,0,0,0,0,0,0,NA,NA,FALSE,FALSE,FALSE
"8L16D","AT3G15590",2,3,1,1,1,1,1,0,2,1,0,19,19,FALSE,FALSE,FALSE
"8L16D","AT3G15930",2,3,0,0,0,0,0,0,0,0,0,NA,NA,FALSE,FALSE,FALSE
"8L16D","AT3G16010",2,3,0,0,0,1,0,0,1,0,0,NA,NA,FALSE,FALSE,FALSE
"8L16D","AT3G16610",2,3,0,0,0,0,0,0,0,0,0,NA,NA,FALSE,FALSE,FALSE
"8L16D","AT3G16710",2,3,0,0,0,0,0,0,0,0,0,NA,NA,FALSE,FALSE,FALSE
"8L16D","AT3G16890",2,3,0,0,0,0,0,0,0,0,0,NA,NA,FALSE,FALSE,FALSE
"8L16D","AT3G18020",2,3,0,0,0,0,0,0,1,0,0,NA,NA,FALSE,FALSE,FALSE
"8L16D","AT3G18110",2,3,0,0,0,0,0,0,0,0,0,NA,NA,FALSE,FALSE,FALSE
"8L16D","AT3G18840",2,3,0,0,0,0,0,0,0,0,0,NA,NA,FALSE,FALSE,FALSE
"8L16D","AT3G18970",2,3,0,0,0,0,0,0,0,0,0,NA,NA,FALSE,FALSE,FALSE
"8L16D","AT3G20730",2,3,0,0,0,0,1,0,0,2,0,NA,NA,FALSE,FALSE,FALSE
"8L16D","AT3G21470",2,3,0,0,0,0,0,0,0,0,0,NA,NA,FALSE,FALSE,FALSE
"8L16D","AT3G22150",2,3,1,1,1,1,1,0,1,1,0,11,11,FALSE,FALSE,FALSE
"8L16D","AT3G22470",2,3,0,0,0,0,0,0,0,0,0,NA,NA,FALSE,FALSE,FALSE
"8L16D","AT3G22670",2,3,0,0,0,0,0,0,0,0,0,NA,NA,FALSE,FALSE,FALSE
"8L16D","AT3G22690",2,3,0,0,0,0,0,0,0,0,0,NA,NA,FALSE,FALSE,FALSE
"8L16D","AT3G23020",2,3,0,0,0,0,0,0,0,0,0,NA,NA,FALSE,FALSE,FALSE
"8L16D","AT3G23330",2,3,0,0,0,0,0,0,0,0,0,NA,NA,FALSE,FALSE,FALSE
"8L16D","AT3G24000",2,3,0,1,0,2,0,0,2,2,0,0.999999999999999,NA,FALSE,FALSE,FALSE
"8L16D","AT3G25060",2,3,0,0,0,0,0,0,0,0,0,NA,NA,FALSE,FALSE,FALSE
"8L16D","AT3G25210",2,3,0,0,0,1,0,0,1,0,0,NA,NA,FALSE,FALSE,FALSE
"8L16D","AT3G25970",2,3,0,0,0,0,0,0,0,0,0,NA,NA,FALSE,FALSE,FALSE
"8L16D","AT3G26540",2,3,0,0,0,0,0,0,0,0,0,NA,NA,FALSE,FALSE,FALSE
"8L16D","AT3G26630",2,3,0,0,0,0,0,0,0,0,0,NA,NA,FALSE,FALSE,FALSE
"8L16D","AT3G26782",2,3,0,0,0,0,0,0,0,0,0,NA,NA,FALSE,FALSE,FALSE
"8L16D","AT3G27750",2,3,0,0,0,0,0,0,0,0,0,NA,NA,FALSE,FALSE,FALSE
"8L16D","AT3G28640",2,3,0,0,0,0,0,0,0,0,0,NA,NA,FALSE,FALSE,FALSE
"8L16D","AT3G28660",2,3,0,0,0,0,0,0,0,0,0,NA,NA,FALSE,FALSE,FALSE
"8L16D","AT3G29230",2,3,0,0,0,1,0,0,1,0,0,NA,NA,FALSE,FALSE,FALSE
"8L16D","AT3G29290",2,3,0,1,0,1,0,0,2,1,0,8,NA,FALSE,FALSE,FALSE
"8L16D","AT3G42630",2,3,0,1,0,1,0,0,2,1,0,17,NA,FALSE,FALSE,FALSE
"8L16D","AT3G46610",2,3,0,0,0,0,1,0,0,1,0,NA,NA,FALSE,FALSE,FALSE
"8L16D","AT3G46640",2,3,0,1,0,2,0,0,2,1,0,12,NA,FALSE,FALSE,FALSE
"8L16D","AT3G46790",2,3,0,0,0,0,0,0,0,1,0,NA,NA,FALSE,FALSE,FALSE
"8L16D","AT3G46870",2,3,0,0,0,1,0,0,1,1,0,NA,NA,FALSE,FALSE,FALSE
"8L16D","AT3G47530",2,3,0,0,0,0,0,0,0,3,0,NA,NA,FALSE,FALSE,FALSE
"8L16D","AT3G47840",2,3,1,1,1,1,1,0,1,1,0,18,18,FALSE,FALSE,FALSE
"8L16D","AT3G48250",2,3,0,1,0,0,0,0,1,1,0,14,NA,FALSE,FALSE,FALSE
"8L16D","AT3G48810",2,3,0,0,0,0,0,0,0,0,0,NA,NA,FALSE,FALSE,FALSE
"8L16D","AT3G49140",2,3,0,0,0,0,0,0,0,0,0,NA,NA,FALSE,FALSE,FALSE
"8L16D","AT3G49170",2,3,0,0,0,0,0,0,0,1,0,NA,NA,FALSE,FALSE,FALSE
"8L16D","AT3G49240",2,3,1,1,1,1,1,0,1,1,0,11,11,FALSE,FALSE,FALSE
"8L16D","AT3G49710",2,3,0,1,0,1,0,0,1,2,0,2,NA,FALSE,FALSE,FALSE
"8L16D","AT3G49730",2,3,0,0,0,0,1,0,0,1,0,NA,NA,FALSE,FALSE,FALSE
"8L16D","AT3G49740",2,3,0,0,0,0,0,0,1,0,0,NA,NA,FALSE,FALSE,FALSE
"8L16D","AT3G50420",2,3,0,0,0,0,0,0,0,0,0,NA,NA,FALSE,FALSE,FALSE
"8L16D","AT3G51320",2,3,0,0,0,0,0,0,0,0,0,NA,NA,FALSE,FALSE,FALSE
"8L16D","AT3G53170",2,3,0,1,0,2,0,0,2,1,0,12,NA,FALSE,FALSE,FALSE
"8L16D","AT3G53360",2,3,0,0,0,0,0,0,0,0,0,NA,NA,FALSE,FALSE,FALSE
"8L16D","AT3G53700",2,3,0,0,0,0,0,0,0,0,0,NA,NA,FALSE,FALSE,FALSE
"8L16D","AT3G54500",2,3,0,0,0,0,0,0,0,0,0,NA,NA,FALSE,FALSE,FALSE
"8L16D","AT3G54980",2,3,0,0,0,0,0,0,0,0,0,NA,NA,FALSE,FALSE,FALSE
"8L16D","AT3G56030",2,3,0,1,0,0,1,0,1,1,0,10,NA,FALSE,FALSE,FALSE
"8L16D","AT3G56550",2,3,0,0,0,2,0,0,2,0,0,NA,NA,FALSE,FALSE,FALSE
"8L16D","AT3G57430",2,3,0,0,0,0,0,0,0,0,0,NA,NA,FALSE,FALSE,FALSE
"8L16D","AT3G58590",2,3,0,0,0,0,0,0,1,0,0,NA,NA,FALSE,FALSE,FALSE
"8L16D","AT3G59040",2,3,0,0,0,1,0,0,1,0,0,NA,NA,FALSE,FALSE,FALSE
"8L16D","AT3G60050",2,3,0,0,0,0,0,0,0,0,0,NA,NA,FALSE,FALSE,FALSE
"8L16D","AT3G60960",2,3,0,0,0,0,0,0,0,0,0,NA,NA,FALSE,FALSE,FALSE
"8L16D","AT3G60980",2,3,0,0,0,1,0,0,1,0,0,NA,NA,FALSE,FALSE,FALSE
"8L16D","AT3G61170",2,3,0,0,0,0,0,0,0,0,0,NA,NA,FALSE,FALSE,FALSE
"8L16D","AT3G61360",2,3,0,0,0,1,0,0,1,0,0,NA,NA,FALSE,FALSE,FALSE
"8L16D","AT3G61520",2,3,0,0,0,0,0,0,0,1,0,NA,NA,FALSE,FALSE,FALSE
"8L16D","AT3G62470",2,3,0,0,0,0,0,0,1,1,0,NA,NA,FALSE,FALSE,FALSE
"8L16D","AT3G62540",2,3,0,1,0,0,1,0,1,2,0,17,NA,FALSE,FALSE,FALSE
"8L16D","AT3G62890",2,3,0,0,0,0,1,0,0,1,0,NA,NA,FALSE,FALSE,FALSE
"8L16D","AT3G63370",2,3,0,0,0,1,0,0,2,0,0,NA,NA,FALSE,FALSE,FALSE
"8L16D","AT4G01030",2,3,0,0,0,1,0,0,2,0,0,NA,NA,FALSE,FALSE,FALSE
"8L16D","AT4G01400",2,3,0,0,0,0,0,0,1,0,0,NA,NA,FALSE,FALSE,FALSE
"8L16D","AT4G01570",2,3,0,0,0,0,0,0,0,0,0,NA,NA,FALSE,FALSE,FALSE
"8L16D","AT4G01990",2,3,0,0,0,0,0,0,0,0,0,NA,NA,FALSE,FALSE,FALSE
"8L16D","AT4G02750",2,3,0,1,0,0,1,0,1,1,0,14,NA,FALSE,FALSE,FALSE
"8L16D","AT4G02820",2,3,0,0,0,0,0,0,0,0,0,NA,NA,FALSE,FALSE,FALSE
"8L16D","AT4G04370",2,3,1,1,1,1,1,0,1,1,1,11,11,FALSE,FALSE,FALSE
"8L16D","AT4G04790",2,3,0,0,0,1,0,0,1,0,0,NA,NA,FALSE,FALSE,FALSE
"8L16D","AT4G08210",2,3,0,0,0,0,0,0,0,0,0,NA,NA,FALSE,FALSE,FALSE
"8L16D","AT4G11690",2,3,0,0,0,0,0,0,0,1,0,NA,NA,FALSE,FALSE,FALSE
"8L16D","AT4G13650",2,3,0,0,0,0,0,0,0,1,0,NA,NA,FALSE,FALSE,FALSE
"8L16D","AT4G14050",2,3,0,0,0,0,0,0,0,0,0,NA,NA,FALSE,FALSE,FALSE
"8L16D","AT4G14170",2,3,0,0,0,0,1,0,0,1,0,NA,NA,FALSE,FALSE,FALSE
"8L16D","AT4G14190",2,3,0,0,0,0,0,0,0,0,0,NA,NA,FALSE,FALSE,FALSE
"8L16D","AT4G14850",2,3,0,0,0,0,0,0,0,0,0,NA,NA,FALSE,FALSE,FALSE
"8L16D","AT4G15720",2,3,0,0,0,0,1,0,0,1,0,NA,NA,FALSE,FALSE,FALSE
"8L16D","AT4G16470",2,3,0,0,0,0,0,0,0,0,0,NA,NA,FALSE,FALSE,FALSE
"8L16D","AT4G16835",2,3,0,0,0,0,0,0,0,0,0,NA,NA,FALSE,FALSE,FALSE
"8L16D","AT4G17616",2,3,0,0,0,0,0,0,0,0,0,NA,NA,FALSE,FALSE,FALSE
"8L16D","AT4G17910",2,3,1,1,1,1,1,0,1,1,1,15,15,FALSE,FALSE,FALSE
"8L16D","AT4G18750",2,3,0,0,0,1,0,0,1,0,0,NA,NA,FALSE,FALSE,FALSE
"8L16D","AT4G18840",2,3,0,0,0,0,0,0,0,1,0,NA,NA,FALSE,FALSE,FALSE
"8L16D","AT4G18975",2,3,0,0,0,0,0,0,0,0,0,NA,NA,FALSE,FALSE,FALSE
"8L16D","AT4G19191",2,3,0,0,0,1,0,0,1,0,0,NA,NA,FALSE,FALSE,FALSE
"8L16D","AT4G19220",2,3,0,0,0,0,0,0,0,0,0,NA,NA,FALSE,FALSE,FALSE
"8L16D","AT4G19440",2,3,0,0,0,0,1,0,0,1,1,NA,NA,FALSE,FALSE,FALSE
"8L16D","AT4G19900",2,3,0,0,0,0,0,0,0,0,0,NA,NA,FALSE,FALSE,FALSE
"8L16D","AT4G20090",2,3,0,0,0,0,0,0,0,0,0,NA,NA,FALSE,FALSE,FALSE
"8L16D","AT4G20740",2,3,0,0,0,0,0,0,0,0,0,NA,NA,FALSE,FALSE,FALSE
"8L16D","AT4G20770",2,3,0,0,0,0,0,0,0,0,0,NA,NA,FALSE,FALSE,FALSE
"8L16D","AT4G21065",2,3,0,0,0,0,0,0,0,0,0,NA,NA,FALSE,FALSE,FALSE
"8L16D","AT4G21170",2,3,0,0,0,0,0,0,0,1,0,NA,NA,FALSE,FALSE,FALSE
"8L16D","AT4G21190",2,3,0,0,0,1,0,0,1,0,0,NA,NA,FALSE,FALSE,FALSE
"8L16D","AT4G21300",2,3,0,0,0,0,0,0,0,0,0,NA,NA,FALSE,FALSE,FALSE
"8L16D","AT4G21705",2,3,0,0,0,0,0,0,0,0,0,NA,NA,FALSE,FALSE,FALSE
"8L16D","AT4G21880",2,3,0,0,0,1,0,0,1,0,0,NA,NA,FALSE,FALSE,FALSE
"8L16D","AT4G21900",2,3,0,0,0,0,0,0,0,0,0,NA,NA,FALSE,FALSE,FALSE
"8L16D","AT4G22760",2,3,0,0,0,0,0,0,0,0,0,NA,NA,FALSE,FALSE,FALSE
"8L16D","AT4G25270",2,3,1,1,1,1,1,1,1,2,1,11.1019018914946,11.1019018914946,FALSE,FALSE,FALSE
"8L16D","AT4G26680",2,3,0,0,0,0,0,0,1,0,0,NA,NA,FALSE,FALSE,FALSE
"8L16D","AT4G26800",2,3,0,0,0,0,0,0,0,0,0,NA,NA,FALSE,FALSE,FALSE
"8L16D","AT4G28010",2,3,0,0,0,0,0,0,0,0,0,NA,NA,FALSE,FALSE,FALSE
"8L16D","AT4G30700",2,3,0,1,0,0,1,0,2,1,0,15,NA,FALSE,FALSE,FALSE
"8L16D","AT4G30825",2,3,0,1,0,1,0,0,2,1,0,9,NA,FALSE,FALSE,FALSE
"8L16D","AT4G31070",2,3,1,1,1,1,1,0,1,1,0,15,15,FALSE,FALSE,FALSE
"8L16D","AT4G31850",2,3,0,0,0,0,0,0,0,0,0,NA,NA,FALSE,FALSE,FALSE
"8L16D","AT4G32430",2,3,0,0,0,0,0,0,0,0,0,NA,NA,FALSE,FALSE,FALSE
"8L16D","AT4G32450",2,3,0,0,0,0,1,0,0,1,0,NA,NA,FALSE,FALSE,FALSE
"8L16D","AT4G33170",2,3,0,1,0,0,1,0,1,2,0,17,NA,FALSE,FALSE,FALSE
"8L16D","AT4G33990",2,3,0,0,0,0,0,0,0,0,0,NA,NA,FALSE,FALSE,FALSE
"8L16D","AT4G34830",2,3,1,1,1,1,1,0,1,1,0,11,11,FALSE,FALSE,FALSE
"8L16D","AT4G35130",2,3,0,0,0,0,0,0,0,0,0,NA,NA,FALSE,FALSE,FALSE
"8L16D","AT4G35850",2,3,0,1,0,0,0,0,1,1,0,6,NA,FALSE,FALSE,FALSE
"8L16D","AT4G36680",2,3,0,0,0,0,0,0,0,0,0,NA,NA,FALSE,FALSE,FALSE
"8L16D","AT4G37170",2,3,0,0,0,0,0,0,0,0,0,NA,NA,FALSE,FALSE,FALSE
"8L16D","AT4G37380",2,3,0,0,0,0,0,0,0,0,0,NA,NA,FALSE,FALSE,FALSE
"8L16D","AT4G38150",2,3,0,1,0,1,0,0,1,1,0,17,NA,FALSE,FALSE,FALSE
"8L16D","AT4G39530",2,3,0,0,0,0,0,0,0,0,0,NA,NA,FALSE,FALSE,FALSE
"8L16D","AT4G39620",2,3,0,0,0,0,0,0,2,0,0,NA,NA,FALSE,FALSE,FALSE
"8L16D","AT4G39952",2,3,0,0,0,0,1,0,0,1,0,NA,NA,FALSE,FALSE,FALSE
"8L16D","AT5G01110",2,3,0,0,0,0,0,0,0,1,0,NA,NA,FALSE,FALSE,FALSE
"8L16D","AT5G02810",2,3,1,1,1,3,1,0,3,1,0,7,7,FALSE,FALSE,FALSE
"8L16D","AT5G02860",2,3,0,1,0,1,0,0,1,1,0,12,NA,FALSE,FALSE,FALSE
"8L16D","AT5G03560",2,3,1,1,1,1,3,0,1,3,1,22,22,FALSE,FALSE,FALSE
"8L16D","AT5G03800",2,3,0,0,0,0,0,0,0,0,0,NA,NA,FALSE,FALSE,FALSE
"8L16D","AT5G04780",2,3,1,1,1,1,1,0,1,1,0,19,19,FALSE,FALSE,FALSE
"8L16D","AT5G06540",2,3,0,0,0,0,0,0,0,0,0,NA,NA,FALSE,FALSE,FALSE
"8L16D","AT5G08310",2,3,0,0,0,1,0,0,1,0,0,NA,NA,FALSE,FALSE,FALSE
"8L16D","AT5G08490",2,3,0,0,0,0,0,0,0,0,0,NA,NA,FALSE,FALSE,FALSE
"8L16D","AT5G08510",2,3,0,0,0,0,1,0,0,1,0,NA,NA,FALSE,FALSE,FALSE
"8L16D","AT5G09450",2,3,0,0,0,0,0,0,0,0,0,NA,NA,FALSE,FALSE,FALSE
"8L16D","AT5G09950",2,3,0,0,0,0,0,0,0,0,0,NA,NA,FALSE,FALSE,FALSE
"8L16D","AT5G10690",2,3,1,1,1,1,1,0,1,1,0,11,11,FALSE,FALSE,FALSE
"8L16D","AT5G11310",2,3,0,0,0,0,0,0,1,0,0,NA,NA,FALSE,FALSE,FALSE
"8L16D","AT5G12100",2,3,0,0,0,0,1,0,0,1,0,NA,NA,FALSE,FALSE,FALSE
"8L16D","AT5G13230",2,3,1,1,1,1,1,0,1,1,0,15,15,FALSE,FALSE,FALSE
"8L16D","AT5G13270",2,3,0,1,0,0,0,0,1,1,0,18,NA,FALSE,FALSE,FALSE
"8L16D","AT5G14770",2,3,0,0,0,0,0,0,0,0,0,NA,NA,FALSE,FALSE,FALSE
"8L16D","AT5G14820",2,3,1,1,1,1,1,0,1,1,0,14,14,FALSE,FALSE,FALSE
"8L16D","AT5G15010",2,3,0,0,0,2,0,0,2,0,0,NA,NA,FALSE,FALSE,FALSE
"8L16D","AT5G15280",2,3,0,0,0,0,0,0,0,0,0,NA,NA,FALSE,FALSE,FALSE
"8L16D","AT5G15300",2,3,0,0,0,0,0,0,0,0,0,NA,NA,FALSE,FALSE,FALSE
"8L16D","AT5G15340",2,3,0,0,0,0,0,0,0,0,0,NA,NA,FALSE,FALSE,FALSE
"8L16D","AT5G15980",2,3,0,0,0,0,0,0,1,0,0,NA,NA,FALSE,FALSE,FALSE
"8L16D","AT5G16420",2,3,1,1,1,1,1,0,1,1,0,19,19,FALSE,FALSE,FALSE
"8L16D","AT5G16640",2,3,0,0,0,0,0,0,0,0,0,NA,NA,FALSE,FALSE,FALSE
"8L16D","AT5G16860",2,3,0,0,0,0,0,0,0,0,0,NA,NA,FALSE,FALSE,FALSE
"8L16D","AT5G18390",2,3,0,0,0,0,0,0,0,0,0,NA,NA,FALSE,FALSE,FALSE
"8L16D","AT5G18475",2,3,0,0,0,0,0,0,0,0,0,NA,NA,FALSE,FALSE,FALSE
"8L16D","AT5G18950",2,3,0,0,0,0,0,0,0,0,0,NA,NA,FALSE,FALSE,FALSE
"8L16D","AT5G19020",2,3,1,1,1,1,1,0,1,1,0,16,16,FALSE,FALSE,FALSE
"8L16D","AT5G24470",2,3,0,0,0,0,0,0,1,0,0,NA,NA,FALSE,FALSE,FALSE
"8L16D","AT5G24830",2,3,0,0,0,0,0,0,0,0,0,NA,NA,FALSE,FALSE,FALSE
"8L16D","AT5G25630",2,3,1,1,1,1,2,0,1,2,0,11,11,FALSE,FALSE,FALSE
"8L16D","AT5G27110",2,3,0,1,0,1,0,0,2,1,0,13,NA,FALSE,FALSE,FALSE
"8L16D","AT5G27270",2,3,0,0,0,0,0,0,1,0,0,NA,NA,FALSE,FALSE,FALSE
"8L16D","AT5G27460",2,3,0,0,0,0,0,0,0,0,0,NA,NA,FALSE,FALSE,FALSE
"8L16D","AT5G28460",2,3,0,0,0,0,0,0,0,1,0,NA,NA,FALSE,FALSE,FALSE
"8L16D","AT5G36300",2,3,0,0,0,0,0,0,0,0,0,NA,NA,FALSE,FALSE,FALSE
"8L16D","AT5G37570",2,3,0,0,0,0,0,0,0,0,0,NA,NA,FALSE,FALSE,FALSE
"8L16D","AT5G38730",2,3,0,0,0,0,0,0,0,0,0,NA,NA,FALSE,FALSE,FALSE
"8L16D","AT5G39350",2,3,0,0,0,1,0,0,1,0,0,NA,NA,FALSE,FALSE,FALSE
"8L16D","AT5G39680",2,3,0,0,0,0,0,0,0,0,0,NA,NA,FALSE,FALSE,FALSE
"8L16D","AT5G39710",2,3,1,1,1,1,1,0,1,1,0,2,2,FALSE,FALSE,FALSE
"8L16D","AT5G39980",2,3,1,1,1,1,1,0,1,1,0,10,10,FALSE,FALSE,FALSE
"8L16D","AT5G40400",2,3,0,0,0,0,0,0,1,0,0,NA,NA,FALSE,FALSE,FALSE
"8L16D","AT5G40405",2,3,0,0,0,1,0,0,1,0,0,NA,NA,FALSE,FALSE,FALSE
"8L16D","AT5G40410",2,3,0,0,0,0,0,0,0,0,0,NA,NA,FALSE,FALSE,FALSE
"8L16D","AT5G41170",2,3,0,1,0,0,1,0,1,1,0,22,NA,FALSE,FALSE,FALSE
"8L16D","AT5G42310",2,3,0,0,0,1,0,0,1,0,0,NA,NA,FALSE,FALSE,FALSE
"8L16D","AT5G42450",2,3,0,0,0,0,0,0,0,0,0,NA,NA,FALSE,FALSE,FALSE
"8L16D","AT5G43790",2,3,0,0,0,0,0,0,0,0,0,NA,NA,FALSE,FALSE,FALSE
"8L16D","AT5G43820",2,3,0,0,0,0,0,0,0,0,0,NA,NA,FALSE,FALSE,FALSE
"8L16D","AT5G44230",2,3,0,0,0,0,0,0,0,1,0,NA,NA,FALSE,FALSE,FALSE
"8L16D","AT5G46100",2,3,0,0,0,0,0,0,0,0,0,NA,NA,FALSE,FALSE,FALSE
"8L16D","AT5G46460",2,3,1,1,1,1,1,0,1,1,0,15,15,FALSE,FALSE,FALSE
"8L16D","AT5G46580",2,3,0,0,0,1,0,0,1,0,0,NA,NA,FALSE,FALSE,FALSE
"8L16D","AT5G46680",2,3,0,0,0,0,0,0,0,0,0,NA,NA,FALSE,FALSE,FALSE
"8L16D","AT5G47360",2,3,0,0,0,0,0,0,0,0,0,NA,NA,FALSE,FALSE,FALSE
"8L16D","AT5G47460",2,3,0,0,0,0,0,0,0,1,0,NA,NA,FALSE,FALSE,FALSE
"8L16D","AT5G48730",2,3,0,1,0,0,0,0,1,1,0,12,NA,FALSE,FALSE,FALSE
"8L16D","AT5G48910",2,3,0,0,0,1,0,0,1,0,0,NA,NA,FALSE,FALSE,FALSE
"8L16D","AT5G50280",2,3,0,0,0,2,0,0,2,0,0,NA,NA,FALSE,FALSE,FALSE
"8L16D","AT5G50390",2,3,0,0,0,0,1,0,0,2,0,NA,NA,FALSE,FALSE,FALSE
"8L16D","AT5G50990",2,3,0,0,0,0,0,0,0,0,0,NA,NA,FALSE,FALSE,FALSE
"8L16D","AT5G52630",2,3,0,1,0,0,1,0,1,1,0,15,NA,FALSE,FALSE,FALSE
"8L16D","AT5G52850",2,3,0,0,0,0,0,0,0,1,0,NA,NA,FALSE,FALSE,FALSE
"8L16D","AT5G55740",2,3,1,1,1,1,1,0,1,1,0,10,10,FALSE,FALSE,FALSE
"8L16D","AT5G55840",2,3,0,0,0,0,0,0,0,0,0,NA,NA,FALSE,FALSE,FALSE
"8L16D","AT5G56310",2,3,0,0,0,0,0,0,0,0,0,NA,NA,FALSE,FALSE,FALSE
"8L16D","AT5G57250",2,3,0,0,0,0,0,0,0,0,0,NA,NA,FALSE,FALSE,FALSE
"8L16D","AT5G59200",2,3,0,0,0,1,1,0,1,1,0,NA,NA,FALSE,FALSE,FALSE
"8L16D","AT5G59600",2,3,1,1,1,2,1,0,2,1,1,2,2,FALSE,FALSE,FALSE
"8L16D","AT5G59900",2,3,0,0,0,0,0,0,0,0,0,NA,NA,FALSE,FALSE,FALSE
"8L16D","AT5G60960",2,3,0,0,0,0,0,0,0,1,0,NA,NA,FALSE,FALSE,FALSE
"8L16D","AT5G61370",2,3,0,0,0,0,0,0,0,1,0,NA,NA,FALSE,FALSE,FALSE
"8L16D","AT5G61400",2,3,0,0,0,0,0,0,0,0,0,NA,NA,FALSE,FALSE,FALSE
"8L16D","AT5G61800",2,3,0,0,0,0,0,0,0,0,0,NA,NA,FALSE,FALSE,FALSE
"8L16D","AT5G61990",2,3,0,0,0,0,0,0,1,0,0,NA,NA,FALSE,FALSE,FALSE
"8L16D","AT5G62370",2,3,0,0,0,0,0,0,0,1,0,NA,NA,FALSE,FALSE,FALSE
"8L16D","AT5G64170",2,3,0,0,0,0,0,0,0,0,0,NA,NA,FALSE,FALSE,FALSE
"8L16D","AT5G64320",2,3,0,0,0,0,0,0,0,1,0,NA,NA,FALSE,FALSE,FALSE
"8L16D","AT5G65560",2,3,0,0,0,0,0,0,0,0,0,NA,NA,FALSE,FALSE,FALSE
"8L16D","AT5G65570",2,3,0,1,0,0,0,0,1,1,0,15,NA,FALSE,FALSE,FALSE
"8L16D","AT5G65820",2,3,0,0,0,0,0,0,1,0,0,NA,NA,FALSE,FALSE,FALSE
"8L16D","AT5G66500",2,3,0,0,0,0,0,0,0,0,0,NA,NA,FALSE,FALSE,FALSE
"8L16D","AT5G66520",2,3,1,1,1,1,1,1,1,2,1,13.4567973922166,13.4567973922166,FALSE,FALSE,FALSE
"8L16D","AT5G66631",2,3,0,0,0,0,0,0,0,0,0,NA,NA,FALSE,FALSE,FALSE
